"","suntype1_enrichmentScore","suntype1_NES","suntype2_enrichmentScore","suntype2_NES","suntype3_enrichmentScore","suntype3_NES","ONTOLOGY","ID","Description"
"GO:0000280",0.554716360955604,2.07811607616593,0.550897492896309,2.10647119345321,0.572957971004507,2.21224788581226,"BP","GO:0000280","nuclear division"
"GO:0000793",0.638859895794817,2.24266226872965,0.642905061444197,2.27327512298271,0.670844223758135,2.3860410793077,"CC","GO:0000793","condensed chromosome"
"GO:0000819",0.629374508574964,2.19877184860991,0.62752092630466,2.18840490420868,0.644673339957814,2.26993150883162,"BP","GO:0000819","sister chromatid segregation"
"GO:0005201",0.648312938399297,2.24726781355814,0.591658862593257,2.05299460199497,0.59728573850545,2.08203005638654,"MF","GO:0005201","extracellular matrix structural constituent"
"GO:0005788",0.585347435619639,2.16075699524443,0.563698947659385,2.09819977640696,0.528099929861565,1.99176729684163,"CC","GO:0005788","endoplasmic reticulum lumen"
"GO:0006260",0.624943169510584,2.27119817495714,0.62036850537794,2.28805046756155,0.631943811143088,2.33717890294047,"BP","GO:0006260","DNA replication"
"GO:0006261",0.707244420608617,2.39874737565668,0.690248877925016,2.3686796234039,0.716336973410257,2.47397577321369,"BP","GO:0006261","DNA-dependent DNA replication"
"GO:0006281",0.563877370877429,2.16374182404988,0.549779326997231,2.14949448715075,0.571406999200889,2.23699576996511,"BP","GO:0006281","DNA repair"
"GO:0006310",0.628966019973228,2.27442302762986,0.617109534198492,2.2551095201146,0.642283693471704,2.368206885536,"BP","GO:0006310","DNA recombination"
"GO:0007059",0.582173775485131,2.14200239261708,0.588954004698857,2.1788355676647,0.611430445327975,2.27851065098493,"BP","GO:0007059","chromosome segregation"
"GO:0030198",0.6325488939971,2.38347249428575,0.558207302952184,2.13649904205414,0.547883581429784,2.12036355070879,"BP","GO:0030198","extracellular matrix organization"
"GO:0031012",0.498977133520144,1.92392433281279,0.442805153562299,1.7439020464379,0.413919219198039,1.6439219526287,"CC","GO:0031012","extracellular matrix"
"GO:0033260",0.809212085135297,2.43351843299215,0.785583686629272,2.41359309433557,0.808370621397829,2.48046805439758,"BP","GO:0033260","nuclear DNA replication"
"GO:0043062",0.632292444225262,2.38434464061949,0.557737840638958,2.13304986448347,0.547647504990747,2.11633795743557,"BP","GO:0043062","extracellular structure organization"
"GO:0044770",0.478792576231155,1.86152570669321,0.463479195762206,1.83881277450056,0.469527262705902,1.87964454915608,"BP","GO:0044770","cell cycle phase transition"
"GO:0044772",0.488439542238109,1.89798260060324,0.482585100613742,1.90608964726563,0.487577483278849,1.94830450367394,"BP","GO:0044772","mitotic cell cycle phase transition"
"GO:0044786",0.797063886008053,2.42809280188458,0.779594886093707,2.42422643694582,0.805586795460174,2.49698776414561,"BP","GO:0044786","cell cycle DNA replication"
"GO:0048285",0.531834588903596,2.02117817439628,0.528173779087793,2.03691401505618,0.54767660759056,2.12531897126357,"BP","GO:0048285","organelle fission"
"GO:0051301",0.480051748519536,1.85103406611319,0.474761088849803,1.87297428302897,0.496805742323661,1.97304903264232,"BP","GO:0051301","cell division"
"GO:0060337",0.698493248642479,2.27196044747035,0.717017404557116,2.34884997660001,0.603822065954122,2.00378860214642,"BP","GO:0060337","type I interferon signaling pathway"
"GO:0071103",0.594606890926887,2.16950412962595,0.579236770359402,2.15109804632161,0.611950467678442,2.27145142113367,"BP","GO:0071103","DNA conformation change"
"GO:0071357",0.698493248642479,2.27196044747035,0.717017404557116,2.34884997660001,0.603822065954122,2.00378860214642,"BP","GO:0071357","cellular response to type I interferon"
"GO:0098687",0.596420216007852,2.20950935251558,0.587160110609514,2.19238553173525,0.619562270491498,2.34891621014722,"CC","GO:0098687","chromosomal region"
"GO:0098813",0.610981847665481,2.17673455896261,0.617404466142653,2.23251682020658,0.632325764712263,2.29073030195058,"BP","GO:0098813","nuclear chromosome segregation"
"GO:0140097",0.629986864122714,2.21827187557697,0.609832138083725,2.15799994361068,0.63289073482712,2.25943088529893,"MF","GO:0140097","catalytic activity, acting on DNA"
"GO:1990904",0.465461154982775,1.80969369301421,0.419414021959798,1.663988089295,0.463939434250408,1.85727496141914,"CC","GO:1990904","ribonucleoprotein complex"
"GO:0140014",0.5614510948476,2.06301605132185,0.562311843620549,2.08235964518346,0.578461885644913,2.1564094566728,"BP","GO:0140014","mitotic nuclear division"
"GO:0000070",0.642626725572583,2.20213235750408,0.639494234238389,2.20598512417738,0.653703829404001,2.25650812058934,"BP","GO:0000070","mitotic sister chromatid segregation"
"GO:0034340",0.698474672944716,2.28075568573498,0.716501433839149,2.35657741029222,0.60433697422786,2.01147866198187,"BP","GO:0034340","response to type I interferon"
"GO:0032963",0.698139731412663,2.27966198852131,0.642328604465821,2.11262254027602,0.629439450716484,2.09502988914993,"BP","GO:0032963","collagen metabolic process"
"GO:0016887",0.518901015303356,1.94973373816368,0.500057386828079,1.91533988469402,0.51361277636287,1.98440049076959,"MF","GO:0016887","ATPase activity"
"GO:0062023",0.504795254933891,1.92113795585509,0.451577163048073,1.7461813813375,0.4304563148875,1.67035859889038,"CC","GO:0062023","collagen-containing extracellular matrix"
"GO:0022613",0.505644338306859,1.9179439024505,0.483116823538507,1.85661199379858,0.522685719315041,2.02837390780187,"BP","GO:0022613","ribonucleoprotein complex biogenesis"
"GO:0006403",0.580705938087012,2.07018066567634,0.540396779369185,1.95944156831294,0.574084302399887,2.07802518865384,"BP","GO:0006403","RNA localization"
"GO:0005581",0.760345262819284,2.31623699430774,0.756198441750817,2.35147290826278,0.742396203215405,2.30112291564822,"CC","GO:0005581","collagen trimer"
"GO:0034660",0.507078058391614,1.90030129245981,0.477893553174978,1.82855210295942,0.516221892560553,1.99514366912655,"BP","GO:0034660","ncRNA metabolic process"
"GO:0005819",0.526922891334074,1.96164389060543,0.529622943258826,1.99565653640852,0.526912977952756,2.00721151374718,"CC","GO:0005819","spindle"
"GO:0001501",0.475062791571321,1.82400621221679,0.430345755825922,1.68623291107168,0.393860524972422,1.54997086919318,"BP","GO:0001501","skeletal system development"
"GO:0034470",0.528571030358339,1.9593204961221,0.488601785013225,1.83185406089083,0.52274829951153,1.98074349948375,"BP","GO:0034470","ncRNA processing"
"GO:0006302",0.587592974608809,2.07807947114013,0.594744468240004,2.12347070797506,0.625882343166634,2.24774293275571,"BP","GO:0006302","double-strand break repair"
"GO:0022617",0.730859397342514,2.28440416715155,0.635763663094113,1.99352173596872,0.58929171705606,1.85654284799227,"BP","GO:0022617","extracellular matrix disassembly"
"GO:0000723",0.637935886059187,2.16356257693816,0.628001652039736,2.1544987681855,0.639413369531796,2.2013469563693,"BP","GO:0000723","telomere maintenance"
"GO:0006913",0.499352814954083,1.85664292467924,0.492074431314169,1.87189355755537,0.513087953371191,1.96421749986898,"BP","GO:0006913","nucleocytoplasmic transport"
"GO:0032200",0.636032518033704,2.15721932758796,0.627043663838492,2.15178263524843,0.637668334859438,2.20228198507948,"BP","GO:0032200","telomere organization"
"GO:0071897",0.588938871280963,2.06860497700335,0.586254248372215,2.06376348570982,0.567275137231992,2.01317833465214,"BP","GO:0071897","DNA biosynthetic process"
"GO:0000779",0.675689158007804,2.20635328467773,0.671886954295257,2.20984012589945,0.698522917271707,2.32496769669367,"CC","GO:0000779","condensed chromosome, centromeric region"
"GO:0000781",0.632368208944499,2.14302802196868,0.598765143002389,2.04806867048059,0.640292494566045,2.19534400235372,"CC","GO:0000781","chromosome, telomeric region"
"GO:0051169",0.500397893008464,1.86475723951032,0.492445880642834,1.87085000862829,0.513710688559549,1.96785953849613,"BP","GO:0051169","nuclear transport"
"GO:0030574",0.785956232961742,2.26742929203938,0.743624180195269,2.16134953355733,0.716947169436374,2.11368395871363,"BP","GO:0030574","collagen catabolic process"
"GO:0071824",0.56588913583452,2.01026421635566,0.556326001867179,2.00408862290143,0.580967893467423,2.10124617338993,"BP","GO:0071824","protein-DNA complex subunit organization"
"GO:0006631",-0.452977598475073,-1.82864680132618,-0.461080978572058,-1.78111027735842,-0.449542306137991,-1.72850631215219,"BP","GO:0006631","fatty acid metabolic process"
"GO:0033044",0.512408781569865,1.89917482412711,0.513884409709401,1.93626563842192,0.538846042649028,2.04649887304725,"BP","GO:0033044","regulation of chromosome organization"
"GO:0098644",0.897269440272502,2.19984627317117,0.886289133098357,2.14085762323948,0.900184094920798,2.28565953124176,"CC","GO:0098644","complex of collagen trimers"
"GO:0030020",0.822328966882472,2.24623253136544,0.800741279865748,2.20812705592167,0.788464170848916,2.21977795910697,"MF","GO:0030020","extracellular matrix structural constituent conferring tensile strength"
"GO:0051983",0.67669205229957,2.16782211955964,0.670580200541358,2.14823052614701,0.702000974303614,2.28130448034714,"BP","GO:0051983","regulation of chromosome segregation"
"GO:0000375",0.499804352789535,1.86211708007734,0.498935597217834,1.88696777820252,0.512883637502555,1.95904987203235,"BP","GO:0000375","RNA splicing, via transesterification reactions"
"GO:0031145",0.693017324188343,2.19111193761901,0.661576407722028,2.08077924819046,0.695917489246787,2.21680399007607,"BP","GO:0031145","anaphase-promoting complex-dependent catabolic process"
"GO:0005518",0.725854444465783,2.21116774045574,0.697397691198768,2.16862623168338,0.668023860953132,2.07059924064972,"MF","GO:0005518","collagen binding"
"GO:0045786",0.433185170525822,1.68626339800565,0.420142812934853,1.66857221513515,0.428368592021535,1.71545144048387,"BP","GO:0045786","negative regulation of cell cycle"
"GO:0004222",0.671116931652185,2.15139964123633,0.643735696144594,2.06675644704106,0.596505086179403,1.94968989729082,"MF","GO:0004222","metalloendopeptidase activity"
"GO:0030199",0.756887532233022,2.20949100546208,0.744164188821059,2.17940358132608,0.770039462032073,2.30044804766624,"BP","GO:0030199","collagen fibril organization"
"GO:0000377",0.499382511555771,1.85904423191988,0.496850330970046,1.87266134749645,0.510060174560725,1.94526575414679,"BP","GO:0000377","RNA splicing, via transesterification reactions with bulged adenosine as nucleophile"
"GO:0000398",0.499382511555771,1.85904423191988,0.496850330970046,1.87266134749645,0.510060174560725,1.94526575414679,"BP","GO:0000398","mRNA splicing, via spliceosome"
"GO:0000724",0.640154218004096,2.11280123523562,0.632049544263699,2.10181497945964,0.655668433795905,2.20296157594115,"BP","GO:0000724","double-strand break repair via homologous recombination"
"GO:0000725",0.640154218004096,2.11280123523562,0.632049544263699,2.10181497945964,0.655668433795905,2.20296157594115,"BP","GO:0000725","recombinational repair"
"GO:0006323",0.589905968768578,2.02601367417654,0.592407771424629,2.05276081030989,0.623503931489843,2.15412079059727,"BP","GO:0006323","DNA packaging"
"GO:0000775",0.571452860193954,2.00303820265981,0.593164451637707,2.0878434923508,0.607253639600551,2.14753535428321,"CC","GO:0000775","chromosome, centromeric region"
"GO:0005604",0.663585416761573,2.12583425471665,0.65035863448139,2.08344992949137,0.621736531645467,2.02046775881661,"CC","GO:0005604","basement membrane"
"GO:0008094",0.652663448812796,2.12560370497564,0.634187024368393,2.08138061918293,0.649523208408175,2.16497643981416,"MF","GO:0008094","DNA-dependent ATPase activity"
"GO:0050657",0.556706655113268,1.95267225173268,0.526316771765136,1.85778679120856,0.55338296456137,1.96745558079714,"BP","GO:0050657","nucleic acid transport"
"GO:0050658",0.556706655113268,1.95267225173268,0.526316771765136,1.85778679120856,0.55338296456137,1.96745558079714,"BP","GO:0050658","RNA transport"
"GO:0031214",0.589906271500484,2.0338627585665,0.539549711803272,1.87199129732828,0.513767057039177,1.78388603188944,"BP","GO:0031214","biomineral tissue development"
"GO:0110148",0.589906271500484,2.0338627585665,0.539549711803272,1.87199129732828,0.513767057039177,1.78388603188944,"BP","GO:0110148","biomineralization"
"GO:0006405",0.603705835964222,2.02416597525412,0.5631296293187,1.90603919427117,0.620569991334139,2.10297819298207,"BP","GO:0006405","RNA export from nucleus"
"GO:0006397",0.452064600549485,1.72875450989903,0.437485111870215,1.70374337714217,0.458611915674573,1.78758463798924,"BP","GO:0006397","mRNA processing"
"GO:0009615",0.493008400621266,1.82749603859818,0.49283562754352,1.84772748147623,0.434294898584119,1.64558507035463,"BP","GO:0009615","response to virus"
"GO:0051607",0.534625252716304,1.92337036510446,0.529316571293667,1.92477360965745,0.471018064637398,1.71770155430151,"BP","GO:0051607","defense response to virus"
"GO:0065004",0.576774609469835,2.01686925210246,0.572593332995713,2.00253251674508,0.592739991005448,2.08626272775434,"BP","GO:0065004","protein-DNA complex assembly"
"GO:0072331",0.517239871241285,1.88237417723708,0.514620539400297,1.9082046733355,0.533115508345684,1.97570010069386,"BP","GO:0072331","signal transduction by p53 class mediator"
"GO:0120114",0.700485642551295,2.13288497575506,0.678707304600203,2.1043239631572,0.688086312550877,2.12804502745852,"CC","GO:0120114","Sm-like protein family complex"
"GO:0004386",0.595551115915678,2.02309548271107,0.591347195939167,2.03070895401352,0.604876733192039,2.0801562911625,"MF","GO:0004386","helicase activity"
"GO:0003779",-0.41752369736581,-1.69318282362808,-0.404084595963137,-1.60005795453794,-0.423813421191385,-1.65562404748134,"MF","GO:0003779","actin binding"
"GO:0051236",0.560696058331615,1.97414074986881,0.530006734007193,1.86849882518112,0.561058431891528,2.00111333956066,"BP","GO:0051236","establishment of RNA localization"
"GO:0045930",0.486527479419696,1.80985886200093,0.490972221648282,1.84685888088429,0.500344080131695,1.90273054376949,"BP","GO:0045930","negative regulation of mitotic cell cycle"
"GO:0035987",0.786306962662919,2.21021267607907,0.770006716061791,2.18826340970528,0.78274343134205,2.25906836487914,"BP","GO:0035987","endodermal cell differentiation"
"GO:0010608",0.434235793842679,1.68035263681446,0.397074828613747,1.56744099366969,0.395949943339887,1.57502753252681,"BP","GO:0010608","posttranscriptional regulation of gene expression"
"GO:0010948",0.482841427723911,1.79585306813645,0.465683469189416,1.76741084030398,0.484709758845524,1.85401290165894,"BP","GO:0010948","negative regulation of cell cycle process"
"GO:0000777",0.65138939314069,2.08450048799927,0.649325185978466,2.06899318403677,0.679235963220447,2.19911878210297,"CC","GO:0000777","condensed chromosome kinetochore"
"GO:0000075",0.534767082104614,1.89574787487335,0.526712402639606,1.89530504129174,0.562534661623247,2.03109392552827,"BP","GO:0000075","cell cycle checkpoint"
"GO:0001503",0.45758634739966,1.73139218309015,0.427676780116071,1.64411456951165,0.400741652011244,1.55139726148922,"BP","GO:0001503","ossification"
"GO:0030016",-0.487701784881202,-1.88101117126748,-0.487525805637106,-1.7762742182955,-0.485157773841161,-1.75108280385738,"CC","GO:0030016","myofibril"
"GO:0032392",0.622386394041824,2.05785466812193,0.607669092766012,2.01799573944964,0.639190209570124,2.13986392338387,"BP","GO:0032392","DNA geometric change"
"GO:0015629",-0.398042238769674,-1.64470515794947,-0.388584152783431,-1.55756836513386,-0.414320718415652,-1.63771283070842,"CC","GO:0015629","actin cytoskeleton"
"GO:1901990",0.458647538046584,1.74303893161861,0.452332717459578,1.74443126134195,0.457954123945683,1.77714106116757,"BP","GO:1901990","regulation of mitotic cell cycle phase transition"
"GO:0043292",-0.489366450882415,-1.89421117962365,-0.491210951910409,-1.81285593469399,-0.482278817490443,-1.75377012937137,"CC","GO:0043292","contractile fiber"
"GO:1901987",0.447167748421575,1.70702395369114,0.428479356682437,1.66472747968446,0.432746364625344,1.68216223746327,"BP","GO:1901987","regulation of cell cycle phase transition"
"GO:0044843",0.492684574802514,1.81064711753476,0.480384492973518,1.77688115579683,0.475517019973417,1.77141671781562,"BP","GO:0044843","cell cycle G1/S phase transition"
"GO:0008380",0.447635543100775,1.70261405083094,0.4378134505175,1.68848335873588,0.456784453213718,1.76955318331443,"BP","GO:0008380","RNA splicing"
"GO:0015931",0.516219081529084,1.85630514540644,0.488773501492287,1.789654548771,0.516631766349704,1.8897687035394,"BP","GO:0015931","nucleobase-containing compound transport"
"GO:0000784",0.630747675475892,2.05960416723603,0.58975435080561,1.93970551221821,0.632162068293915,2.10409186515882,"CC","GO:0000784","nuclear chromosome, telomeric region"
"GO:0030017",-0.496039097110383,-1.88321574354612,-0.499533775982501,-1.80323361103042,-0.489096019805771,-1.74014198809596,"CC","GO:0030017","sarcomere"
"GO:0000082",0.506058433524144,1.84461886802008,0.512645115680621,1.89425904515948,0.510658191346824,1.88473677432294,"BP","GO:0000082","G1/S transition of mitotic cell cycle"
"GO:0051052",0.482440100656753,1.7870745517844,0.478881875387557,1.79829270921207,0.484589487380454,1.83694382834401,"BP","GO:0051052","regulation of DNA metabolic process"
"GO:1902749",0.518622798274465,1.84862761640582,0.507896205722068,1.83373913295161,0.523177490081312,1.89704781712617,"BP","GO:1902749","regulation of cell cycle G2/M phase transition"
"GO:0060249",0.44887422210642,1.71471503796576,0.438107224896485,1.69926611236717,0.423898907070093,1.64398630435126,"BP","GO:0060249","anatomical structure homeostasis"
"GO:0005583",0.933421883920046,2.05139086186427,0.914201771187478,1.94733792827004,0.924787415525843,2.00679184956212,"CC","GO:0005583","fibrillar collagen trimer"
"GO:0098643",0.933421883920046,2.05139086186427,0.914201771187478,1.94733792827004,0.924787415525843,2.00679184956212,"CC","GO:0098643","banded collagen fibril"
"GO:0006270",0.76244973761008,2.10197386177037,0.757673120505778,2.10734888239576,0.771838426885357,2.19325488729545,"BP","GO:0006270","DNA replication initiation"
"GO:0005539",0.525013543362962,1.86117160613742,0.509091590468139,1.83189887509389,0.488691449108793,1.76447479854539,"MF","GO:0005539","glycosaminoglycan binding"
"GO:1901988",0.50691911435867,1.83639116616951,0.504461643583743,1.85649837801354,0.519635196984491,1.92476280168225,"BP","GO:1901988","negative regulation of cell cycle phase transition"
"GO:0005643",0.661681863887437,2.07591310363826,0.643138720323693,2.02507437942009,0.654183771931056,2.06946863523584,"CC","GO:0005643","nuclear pore"
"GO:2001251",0.584255736374236,1.97002945470554,0.594226917038535,2.02219528346535,0.622348970838037,2.12267461915859,"BP","GO:2001251","negative regulation of chromosome organization"
"GO:0042254",0.488390975334346,1.79142122554841,0.468201060317766,1.73622601309633,0.505720723018182,1.87957632636858,"BP","GO:0042254","ribosome biogenesis"
"GO:0005813",0.420348767387632,1.61729879330503,0.408360020654478,1.61049846141095,0.414689014259171,1.646455103039,"CC","GO:0005813","centrosome"
"GO:0051304",0.652041604533608,2.05721016262979,0.662709032270056,2.08224790838283,0.68287394197325,2.16791407564926,"BP","GO:0051304","chromosome separation"
"GO:0003697",0.610856597634554,2.01046955933436,0.578977174298822,1.91971094179267,0.651449515451614,2.18553964146702,"MF","GO:0003697","single-stranded DNA binding"
"GO:0097525",0.713431209334059,2.0960661898044,0.687680423556453,2.02795961134017,0.70923351726509,2.13379526032828,"CC","GO:0097525","spliceosomal snRNP complex"
"GO:1905368",0.646571024436218,2.04869941088164,0.586440380481031,1.85165314344701,0.612434152942528,1.95534143777374,"CC","GO:1905368","peptidase complex"
"GO:0003678",0.679273492057248,2.09150351476502,0.671971399170549,2.08799910017633,0.685145757140113,2.12939575649435,"MF","GO:0003678","DNA helicase activity"
"GO:0030532",0.708068266961502,2.10581306205127,0.686337147903439,2.05608945127589,0.702988826491715,2.12722038498897,"CC","GO:0030532","small nuclear ribonucleoprotein complex"
"GO:0072329",-0.536085227693438,-1.93858026714681,-0.564082849025168,-1.93881975353883,-0.574021582558549,-1.97813728932838,"BP","GO:0072329","monocarboxylic acid catabolic process"
"GO:0005657",0.692621543688014,2.0954577287845,0.693186302437242,2.13162970230531,0.716186677085162,2.19320180314505,"CC","GO:0005657","replication fork"
"GO:1901796",0.549098211969839,1.92009024309231,0.539031273752702,1.88515581832732,0.569490417157491,2.00443136815114,"BP","GO:1901796","regulation of signal transduction by p53 class mediator"
"GO:0006399",0.587539395693069,1.96491723959208,0.540269292670051,1.82707934620833,0.605797573294964,2.04920086797533,"BP","GO:0006399","tRNA metabolic process"
"GO:2000573",0.66915281200368,2.04765245397562,0.659911687011794,2.0504533592446,0.62971230434369,1.95525177167388,"BP","GO:2000573","positive regulation of DNA biosynthetic process"
"GO:0051168",0.52961680991118,1.86471460022788,0.505551203378484,1.78228269373041,0.541839872791272,1.93256697647865,"BP","GO:0051168","nuclear export"
"GO:0051028",0.57207337089584,1.9388896739674,0.545835599382891,1.86899779442305,0.566669646449204,1.94272000738933,"BP","GO:0051028","mRNA transport"
"GO:0002479",0.63629681210223,2.01177877118582,0.58505452432657,1.84010387775219,0.572272497350019,1.82294018348265,"BP","GO:0002479","antigen processing and presentation of exogenous peptide antigen via MHC class I, TAP-dependent"
"GO:0007093",0.545559503206515,1.88709023262676,0.543442633450152,1.88646404453681,0.586110546040027,2.04379600915613,"BP","GO:0007093","mitotic cell cycle checkpoint"
"GO:0032508",0.617326164790615,2.00309301516216,0.600270206790404,1.95875209876016,0.626467665412061,2.07352497169589,"BP","GO:0032508","DNA duplex unwinding"
"GO:0033047",0.663283636290669,2.01960984861294,0.653881278044313,2.02735116171917,0.683012399774247,2.11235293381108,"BP","GO:0033047","regulation of mitotic sister chromatid segregation"
"GO:0033045",0.65937197338747,2.05637826328431,0.650437477598559,2.0294232917122,0.680662945749727,2.12498165746102,"BP","GO:0033045","regulation of sister chromatid segregation"
"GO:0071166",0.590446928312266,1.9635384577487,0.561179699903886,1.88070911663928,0.613142629048986,2.07942664006842,"BP","GO:0071166","ribonucleoprotein complex localization"
"GO:0032201",0.80122163966089,2.12146302620378,0.76785656514884,2.04123406649356,0.792517453902134,2.10962265851851,"BP","GO:0032201","telomere maintenance via semi-conservative replication"
"GO:0010389",0.517581616432462,1.82443191502188,0.506488877010081,1.80975505569181,0.523016501919775,1.87278685843823,"BP","GO:0010389","regulation of G2/M transition of mitotic cell cycle"
"GO:1905330",0.529512808345863,1.85603128061073,0.491480651503731,1.72993286604629,0.483441073081154,1.70967570789254,"BP","GO:1905330","regulation of morphogenesis of an epithelium"
"GO:0030258",-0.457026225247502,-1.77661756867601,-0.469604027227724,-1.75201445768891,-0.462656007591211,-1.69078562187888,"BP","GO:0030258","lipid modification"
"GO:0033559",-0.55992169584087,-1.94970017551498,-0.613088538760033,-2.05058736359046,-0.59569498412737,-1.99312942640845,"BP","GO:0033559","unsaturated fatty acid metabolic process"
"GO:1901991",0.504179300880693,1.80885887460673,0.504920731857807,1.84667550886453,0.522092506164584,1.91132245828361,"BP","GO:1901991","negative regulation of mitotic cell cycle phase transition"
"GO:0071426",0.595906083974124,1.97379172256138,0.560011808106577,1.8804857143938,0.617997763016754,2.0905137784387,"BP","GO:0071426","ribonucleoprotein complex export from nucleus"
"GO:0005681",0.533202185809396,1.85996591042794,0.515255235855086,1.79793454623364,0.544433089823396,1.91157054579366,"CC","GO:0005681","spliceosomal complex"
"GO:0006301",0.718968842699323,2.02736791090888,0.716145837537493,2.05261743927336,0.724435553754362,2.09177623024089,"BP","GO:0006301","postreplication repair"
"GO:0051321",0.512451601036958,1.80919666481224,0.505984375432116,1.79697101368363,0.515748545487188,1.84218587213559,"BP","GO:0051321","meiotic cell cycle"
"GO:0008033",0.613252028776551,1.96590211403144,0.561720895598051,1.80344245218644,0.624986145466198,2.04278086137844,"BP","GO:0008033","tRNA processing"
"GO:0005178",0.544269784027971,1.86871332226111,0.532351149881786,1.83894337897013,0.497776998392752,1.71592340445483,"MF","GO:0005178","integrin binding"
"GO:0051216",0.51394132676595,1.80965930527648,0.471285488372238,1.66772787758882,0.429682903690136,1.53397540848439,"BP","GO:0051216","cartilage development"
"GO:0008307",-0.689837092209417,-2.08111318957563,-0.655628713548371,-1.88874885501095,-0.658821027950262,-1.90534008173794,"MF","GO:0008307","structural constituent of muscle"
"GO:0048407",0.90968664922568,1.99922769278177,0.866906369501258,1.84659416202607,0.858973684875166,1.86397582931604,"MF","GO:0048407","platelet-derived growth factor binding"
"GO:0140098",0.471349093058466,1.73679651085652,0.45132042609642,1.6733046181059,0.480883076065323,1.80725665451279,"MF","GO:0140098","catalytic activity, acting on RNA"
"GO:0006521",0.661238827809326,2.00476384722211,0.625701457802591,1.93576005980934,0.616233476038345,1.90141216399041,"BP","GO:0006521","regulation of cellular amino acid metabolic process"
"GO:0006611",0.530880731948774,1.85503042046452,0.509414614853689,1.77929087067226,0.548805305062026,1.92905196707504,"BP","GO:0006611","protein export from nucleus"
"GO:0042590",0.620580106449863,1.97761885911619,0.572360974842945,1.81652405762114,0.564312651385543,1.8224279003187,"BP","GO:0042590","antigen processing and presentation of exogenous peptide antigen via MHC class I"
"GO:0044839",0.472885586261341,1.73989640182924,0.465655788160029,1.7226937679977,0.484360829439588,1.80498258997556,"BP","GO:0044839","cell cycle G2/M phase transition"
"GO:0043488",0.517768589773553,1.80791225298232,0.483347216352813,1.69365071656083,0.459770935197886,1.61985692789792,"BP","GO:0043488","regulation of mRNA stability"
"GO:0017116",0.876256882117743,2.048210283689,0.871022625195503,1.9568749103746,0.883895920454342,2.06490033352954,"MF","GO:0017116","single-stranded DNA helicase activity"
"GO:0007051",0.528616941066491,1.84712016737096,0.523726983020488,1.82928132103302,0.551809735089335,1.93961254584617,"BP","GO:0007051","spindle organization"
"GO:0009062",-0.550713431706627,-1.91763613096718,-0.583816820147347,-1.95268271768214,-0.576276020946987,-1.92815572681979,"BP","GO:0009062","fatty acid catabolic process"
"GO:0000776",0.571230842552808,1.91137118649407,0.58509784054846,1.97825419106711,0.607615456523703,2.05768166266962,"CC","GO:0000776","kinetochore"
"GO:0051054",0.51304663755671,1.79802791083099,0.524603948068959,1.84627155545504,0.502613478063446,1.78199212841177,"BP","GO:0051054","positive regulation of DNA metabolic process"
"GO:1904645",0.70138155931678,2.04787457614903,0.669327099996235,1.96973690959689,0.639081189182319,1.92099725814979,"BP","GO:1904645","response to amyloid-beta"
"GO:0022616",0.796536062874572,2.06280575561277,0.776860498245714,2.02762961411964,0.790241767940118,2.09082344940845,"BP","GO:0022616","DNA strand elongation"
"GO:0000794",0.618172740446459,1.96299007783179,0.611478445183161,1.92699407866151,0.636813096957866,2.03123663719551,"CC","GO:0000794","condensed nuclear chromosome"
"GO:0019395",-0.550034782128311,-1.9079589603918,-0.570616794238658,-1.90087764390889,-0.55056113282997,-1.8337998627729,"BP","GO:0019395","fatty acid oxidation"
"GO:0001676",-0.556790231422351,-1.92861900130481,-0.625154691434806,-2.08041574624371,-0.587594494945956,-1.94312294494155,"BP","GO:0001676","long-chain fatty acid metabolic process"
"GO:2000278",0.588329692531434,1.9301659370059,0.571292785725708,1.88591356576884,0.545846532979763,1.83053215996842,"BP","GO:2000278","regulation of DNA biosynthetic process"
"GO:0045069",0.602161793825864,1.93097821981754,0.594561706880461,1.91293536213013,0.565339540026082,1.85984391237698,"BP","GO:0045069","regulation of viral genome replication"
"GO:0031674",-0.515414056650666,-1.86860717928888,-0.525627357067955,-1.81218744964908,-0.516262071945493,-1.78269320317703,"CC","GO:0031674","I band"
"GO:0001706",0.697892135933601,2.01391652805531,0.665966818262953,1.94509014513246,0.671662424354884,2.00025172377215,"BP","GO:0001706","endoderm formation"
"GO:0034440",-0.541799006413138,-1.90230105865479,-0.551799503023795,-1.85930229726002,-0.546861776986335,-1.84049196221196,"BP","GO:0034440","lipid oxidation"
"GO:0022411",0.403840681083889,1.55830077384877,0.369357043934624,1.45726059587663,0.351129101390295,1.39520328285556,"BP","GO:0022411","cellular component disassembly"
"GO:0051031",0.741421885549223,2.02523080890691,0.683253976750655,1.8841436429781,0.7223794205694,2.03372832295722,"BP","GO:0051031","tRNA transport"
"GO:0000038",-0.776920572513971,-2.07314383973612,-0.794682039341001,-2.07222188168115,-0.789753504954288,-1.99624883119339,"BP","GO:0000038","very long-chain fatty acid metabolic process"
"GO:0007088",0.526496032667644,1.81523866605452,0.526348744682357,1.82618996516914,0.545523228575248,1.89414882521829,"BP","GO:0007088","regulation of mitotic nuclear division"
"GO:0016458",0.515489106633137,1.80957981084257,0.509109726749715,1.80018255586421,0.498559981845692,1.77326502197269,"BP","GO:0016458","gene silencing"
"GO:0120254",-0.534490828802787,-1.88278114920879,-0.553356355057647,-1.86884566523404,-0.550560173120949,-1.85719588442386,"BP","GO:0120254","olefinic compound metabolic process"
"GO:0030261",0.757348856237327,2.02284395020546,0.756495804421163,2.03482063070558,0.781760845796131,2.12043094825064,"BP","GO:0030261","chromosome condensation"
"GO:0000086",0.471458414690503,1.71309223196607,0.464375724858435,1.71482756736652,0.485259554933875,1.79314154023746,"BP","GO:0000086","G2/M transition of mitotic cell cycle"
"GO:0043487",0.512355217917351,1.79589104597749,0.478372055107263,1.68379271451723,0.456232139805806,1.6134520834453,"BP","GO:0043487","regulation of RNA stability"
"GO:0019058",0.437608481041447,1.62726173038675,0.430041379756506,1.6353333351499,0.403073721885573,1.54439964427041,"BP","GO:0019058","viral life cycle"
"GO:1905369",0.650173808921267,1.98062209708452,0.603831307158498,1.87767242240892,0.607067481470858,1.88165953288439,"CC","GO:1905369","endopeptidase complex"
"GO:0140053",0.554119614293524,1.85221673852157,0.517310565482231,1.74667621277477,0.556984738516127,1.88963456135817,"BP","GO:0140053","mitochondrial gene expression"
"GO:0034728",0.587305209362006,1.91274405092271,0.575886529181726,1.89004034240709,0.612047871051736,2.04006447146492,"BP","GO:0034728","nucleosome organization"
"GO:0000083",0.73701196974287,2.00674398073608,0.689521982461076,1.88983380986186,0.704226382029822,1.96610400902755,"BP","GO:0000083","regulation of transcription involved in G1/S transition of mitotic cell cycle"
"GO:0019985",0.737112972212882,2.00701899132893,0.748900659274147,2.05257819492943,0.730277988888862,2.03883654219329,"BP","GO:0019985","translesion synthesis"
"GO:0006271",0.839392915770046,2.04953436557944,0.808285687638924,1.93398054806879,0.823501073043072,2.05709836176465,"BP","GO:0006271","DNA strand elongation involved in DNA replication"
"GO:0097064",0.721541112606468,1.98919415153256,0.659851466610216,1.8352733033211,0.713127047473576,2.02642072181554,"BP","GO:0097064","ncRNA export from nucleus"
"GO:0042476",0.558345004637519,1.87536195990068,0.475414269869462,1.60312343256995,0.466185452023674,1.58210278888786,"BP","GO:0042476","odontogenesis"
"GO:0035194",0.553268052547052,1.8434991676227,0.523283127281761,1.76677849245428,0.516748327084454,1.7482046283805,"BP","GO:0035194","post-transcriptional gene silencing by RNA"
"GO:0007052",0.57123470469436,1.89080257418256,0.563695985444472,1.87575437949088,0.601036312487029,2.01973812150551,"BP","GO:0007052","mitotic spindle organization"
"GO:0022618",0.50082994778023,1.75668232611339,0.468510760358393,1.65374380758155,0.525241310943769,1.86740289213749,"BP","GO:0022618","ribonucleoprotein complex assembly"
"GO:1902750",0.592622783901474,1.922935761943,0.581515605621854,1.89755363516036,0.593049273284992,1.96291452136431,"BP","GO:1902750","negative regulation of cell cycle G2/M phase transition"
"GO:0000922",0.538478979248477,1.82922063503732,0.52326701161281,1.79691898958686,0.532767993967784,1.83217610063084,"CC","GO:0000922","spindle pole"
"GO:0034399",0.543202289013452,1.83368019844403,0.54454548066981,1.86490611593287,0.552305820245654,1.899049098737,"CC","GO:0034399","nuclear periphery"
"GO:0008608",0.765217617109534,2.00387620028143,0.766200570131326,2.01202384416304,0.78837033668349,2.08855611832553,"BP","GO:0008608","attachment of spindle microtubules to kinetochore"
"GO:0043903",0.491702801068597,1.76680662213853,0.460689468539696,1.67677295066366,0.412297153572576,1.50470034628484,"BP","GO:0043903","regulation of symbiotic process"
"GO:0050792",0.490875835527039,1.74896846990948,0.459175149504683,1.65527615645152,0.41408344453376,1.50090421239964,"BP","GO:0050792","regulation of viral process"
"GO:0006406",0.590637488419114,1.91224707703863,0.550739012698769,1.79117391125764,0.598808135967874,1.98339807138162,"BP","GO:0006406","mRNA export from nucleus"
"GO:0071427",0.590637488419114,1.91224707703863,0.550739012698769,1.79117391125764,0.598808135967874,1.98339807138162,"BP","GO:0071427","mRNA-containing ribonucleoprotein complex export from nucleus"
"GO:1905818",0.654679526950259,1.97325673863317,0.662309940134301,2.02161967190744,0.688677008174181,2.1142832774875,"BP","GO:1905818","regulation of chromosome separation"
"GO:0019079",0.547740611841524,1.83089409479648,0.543566162149455,1.8353270720668,0.506681784779362,1.71897602559177,"BP","GO:0019079","viral genome replication"
"GO:0010833",0.628272419891864,1.94889539658862,0.612538808330408,1.90683850238226,0.611974580832086,1.90658677768694,"BP","GO:0010833","telomere maintenance via telomere lengthening"
"GO:0034502",0.644318212729813,1.96278421581453,0.645782943518895,2.00812513285139,0.67415477443906,2.08960255108587,"BP","GO:0034502","protein localization to chromosome"
"GO:0051783",0.508322981297087,1.78243693489292,0.499071457091253,1.75217279493149,0.523529349410746,1.85110138214526,"BP","GO:0051783","regulation of nuclear division"
"GO:1903046",0.540126287797228,1.84594203495008,0.544680520255144,1.87616020224965,0.55151970827715,1.89947625938221,"BP","GO:1903046","meiotic cell cycle process"
"GO:0003012",-0.366768516062215,-1.51337022909035,-0.36684423359184,-1.4637152282078,-0.379159806880064,-1.49609375516905,"BP","GO:0003012","muscle system process"
"GO:0008009",0.695839207130646,1.96214633501012,0.717339785032025,2.05603953198185,0.639409999530062,1.84626863143831,"MF","GO:0008009","chemokine activity"
"GO:0002200",0.627016215517112,1.94499866191491,0.597457341066101,1.85988976695375,0.618457298193671,1.92678347145856,"BP","GO:0002200","somatic diversification of immune receptors"
"GO:1901532",0.591721284264886,1.89561335068819,0.536022218770574,1.71716864310397,0.515779773260975,1.67613828282779,"BP","GO:1901532","regulation of hematopoietic progenitor cell differentiation"
"GO:0034504",0.462894409862456,1.69723974030653,0.462010562885396,1.71168196521672,0.462895462165834,1.722829065832,"BP","GO:0034504","protein localization to nucleus"
"GO:1901568",-0.483956518586742,-1.77902671945241,-0.50191843478438,-1.76890983904651,-0.502032476403595,-1.74854013996749,"BP","GO:1901568","fatty acid derivative metabolic process"
"GO:0002478",0.500045626771527,1.75793252990076,0.471617432153711,1.66222205071295,0.458941839645479,1.63308863191191,"BP","GO:0002478","antigen processing and presentation of exogenous peptide antigen"
"GO:0016441",0.552892610920454,1.84904745248471,0.521124300821073,1.76233493140415,0.512348624695082,1.73309582724249,"BP","GO:0016441","posttranscriptional gene silencing"
"GO:0006364",0.497452453827588,1.75696331147257,0.4759280757183,1.69324965030363,0.504194955057305,1.80299811959923,"BP","GO:0006364","rRNA processing"
"GO:0009451",0.547674083791872,1.8248599624555,0.516584549077412,1.74416185667062,0.536015932297737,1.81338861610953,"BP","GO:0009451","RNA modification"
"GO:0050691",0.758702190520508,1.98681424563675,0.74761510320595,1.96321886532787,0.676901094406486,1.79325103500374,"BP","GO:0050691","regulation of defense response to virus by host"
"GO:0033048",0.701677066677156,1.99257885227992,0.701276066055158,2.01588035194417,0.720084590358832,2.0883861875086,"BP","GO:0033048","negative regulation of mitotic sister chromatid segregation"
"GO:0071826",0.497363824122508,1.75548412413254,0.46381380574537,1.65056866042063,0.509516954826072,1.82346878729153,"BP","GO:0071826","ribonucleoprotein complex subunit organization"
"GO:0051170",0.50766996334704,1.77090201560283,0.516029660730119,1.8006368287907,0.513727405636526,1.80375916809231,"BP","GO:0051170","import into nucleus"
"GO:0000727",0.886800556649354,1.94893069205398,0.890761078577342,1.8974069926459,0.906065116492925,1.96616439672966,"BP","GO:0000727","double-strand break repair via break-induced replication"
"GO:1903311",0.43881881943408,1.62546774794684,0.417261959191357,1.56993245687089,0.410495640170855,1.55804084553449,"BP","GO:1903311","regulation of mRNA metabolic process"
"GO:0010965",0.666356776834441,1.98176202792696,0.680383604868008,2.03825416861596,0.701593245141498,2.12299740307913,"BP","GO:0010965","regulation of mitotic sister chromatid separation"
"GO:1902036",0.604125570645677,1.8953401276231,0.545572739276912,1.7178648112862,0.526778770177478,1.66643103874685,"BP","GO:1902036","regulation of hematopoietic stem cell differentiation"
"GO:0008015",-0.342180931859176,-1.42589885203042,-0.345392343501167,-1.396262347453,-0.343570994290602,-1.3730839376621,"BP","GO:0008015","blood circulation"
"GO:0006409",0.736673985245582,1.99435432113513,0.677763255906295,1.85069661780622,0.715175141527923,1.99736509404081,"BP","GO:0006409","tRNA export from nucleus"
"GO:0071431",0.736673985245582,1.99435432113513,0.677763255906295,1.85069661780622,0.715175141527923,1.99736509404081,"BP","GO:0071431","tRNA-containing ribonucleoprotein complex export from nucleus"
"GO:0007091",0.668525379545361,1.96413252848748,0.682401024436963,2.01239073978337,0.70437848429772,2.11918844031438,"BP","GO:0007091","metaphase/anaphase transition of mitotic cell cycle"
"GO:0051306",0.653624552051111,1.95634080760955,0.668977375464848,2.01541991087112,0.691215606913268,2.10783940696761,"BP","GO:0051306","mitotic sister chromatid separation"
"GO:0031570",0.518176273136073,1.77928531104727,0.501408093590964,1.73242762485087,0.538565370777518,1.85879622166155,"BP","GO:0031570","DNA integrity checkpoint"
"GO:0140013",0.535621492962301,1.80208468272168,0.54215805773666,1.84220686828385,0.549434646571921,1.87133165937043,"BP","GO:0140013","meiotic nuclear division"
"GO:0044784",0.665514602640481,1.95225298186328,0.677252876782296,2.01913063670675,0.700057017034451,2.11092554173731,"BP","GO:0044784","metaphase/anaphase transition of cell cycle"
"GO:0009913",-0.430500411627027,-1.6662683010846,-0.54270141055877,-2.00195840381927,-0.592237787649368,-2.1618971002772,"BP","GO:0009913","epidermal cell differentiation"
"GO:0019884",0.484983918019327,1.71072532831121,0.447369691651886,1.59577195951483,0.441235715140031,1.57659955701203,"BP","GO:0019884","antigen processing and presentation of exogenous antigen"
"GO:0042393",0.485370493315162,1.72063709981395,0.46260100274619,1.66460863313177,0.483884930111373,1.74712032742635,"MF","GO:0042393","histone binding"
"GO:0030216",-0.451903348568837,-1.68895149548636,-0.573153594504981,-2.04969676468333,-0.627121783830097,-2.19847466785105,"BP","GO:0030216","keratinocyte differentiation"
"GO:1902969",0.850024859653493,1.98689413397342,0.824990807095696,1.85345795275169,0.84609086589835,1.9765826165277,"BP","GO:1902969","mitotic DNA replication"
"GO:0061448",0.459519064542069,1.67000602880944,0.437235553687231,1.61261734658682,0.386025046669888,1.42767375702519,"BP","GO:0061448","connective tissue development"
"GO:0030178",0.491453635327512,1.7357759518853,0.43726297544184,1.55568754614901,0.424121976558778,1.5166576312317,"BP","GO:0030178","negative regulation of Wnt signaling pathway"
"GO:0007492",0.610471050505325,1.90811340289327,0.580128112950731,1.81906905025902,0.580176475196736,1.82782559880677,"BP","GO:0007492","endoderm development"
"GO:0090329",0.681512516465092,1.96611640434645,0.663982028875361,1.92986899380191,0.685232940234206,2.02018493900164,"BP","GO:0090329","regulation of DNA-dependent DNA replication"
"GO:0003688",0.787245097690619,1.98392173071286,0.775118546117099,1.93696410056042,0.804473484288958,2.0978241100935,"MF","GO:0003688","DNA replication origin binding"
"GO:2000027",0.456327047777261,1.65811086709825,0.43264943550286,1.59767003159358,0.407918352589671,1.50734866653671,"BP","GO:2000027","regulation of animal organ morphogenesis"
"GO:0060968",0.585388822242656,1.87429948968058,0.563065640954955,1.80947557748175,0.531177390739758,1.7399082680308,"BP","GO:0060968","regulation of gene silencing"
"GO:0043596",0.702494345921823,1.93668471550356,0.707773824038798,1.96856182001215,0.712158435211324,2.02366831470016,"CC","GO:0043596","nuclear replication fork"
"GO:0010972",0.58001084988571,1.85809829699344,0.574459834499171,1.84030508434369,0.587185326208033,1.90818612011375,"BP","GO:0010972","negative regulation of G2/M transition of mitotic cell cycle"
"GO:0090090",0.504284480404132,1.75609141818629,0.45721669858034,1.59294092938893,0.444030982767695,1.55925953912816,"BP","GO:0090090","negative regulation of canonical Wnt signaling pathway"
"GO:1902100",0.701535154625615,1.93404035098533,0.708759452341484,1.97130319046058,0.729602673772675,2.07323783617919,"BP","GO:1902100","negative regulation of metaphase/anaphase transition of cell cycle"
"GO:0140101",0.614884587623722,1.91103842358839,0.567490680157286,1.76568781607091,0.613007583087699,1.91327501308393,"MF","GO:0140101","catalytic activity, acting on a tRNA"
"GO:0030018",-0.507923031866326,-1.8189180544416,-0.506185435361954,-1.73177093528974,-0.499606623335369,-1.7043134680912,"CC","GO:0030018","Z disc"
"GO:0032993",0.54919904238322,1.82636811027306,0.541766732809129,1.81564948564696,0.531806616639015,1.80358173386028,"CC","GO:0032993","protein-DNA complex"
"GO:0051784",0.640129783261916,1.92940264117552,0.635811671815117,1.94073696539894,0.664682905417523,2.04061981897999,"BP","GO:0051784","negative regulation of nuclear division"
"GO:0008156",0.739300911682616,1.95994797309586,0.729093196153992,1.95030038925172,0.731914033476432,1.96515448860569,"BP","GO:0008156","negative regulation of DNA replication"
"GO:0000731",0.69328163064907,1.98443291821967,0.717946882515076,2.07430602626157,0.701513362090901,2.04172652419442,"BP","GO:0000731","DNA synthesis involved in DNA repair"
"GO:0031497",0.556761932969533,1.83243157619304,0.555078792638454,1.84047122941522,0.588450595600147,1.97418537158237,"BP","GO:0031497","chromatin assembly"
"GO:0034508",0.729054364387027,1.97372616799137,0.761589309221381,2.07959157781232,0.743764513221589,2.07721044906739,"BP","GO:0034508","centromere complex assembly"
"GO:1902099",0.660833315070652,1.94153318595201,0.671946036064306,1.98155913046239,0.693666815284674,2.0869613839023,"BP","GO:1902099","regulation of metaphase/anaphase transition of cell cycle"
"GO:0006334",0.637835071459066,1.92970669532156,0.627382659070991,1.92927573162496,0.65169639626654,1.99571111433137,"BP","GO:0006334","nucleosome assembly"
"GO:1905819",0.698155560312532,1.96242986842194,0.704693898759827,2.0026524983906,0.721497242795266,2.0823063232249,"BP","GO:1905819","negative regulation of chromosome separation"
"GO:0031047",0.527960826241478,1.78938200296913,0.501441357605713,1.71698729884446,0.488479899920396,1.67466120821764,"BP","GO:0031047","gene silencing by RNA"
"GO:1902850",0.531381550799852,1.80218304458147,0.530358818234435,1.81951339916237,0.55673589587705,1.9167082333419,"BP","GO:1902850","microtubule cytoskeleton organization involved in mitosis"
"GO:0016072",0.487136369156347,1.71696187126131,0.471735273750024,1.68163438909278,0.498849979043937,1.78733024330834,"BP","GO:0016072","rRNA metabolic process"
"GO:0008173",0.672982363904267,1.94150750505813,0.630492777547595,1.83253222118991,0.660233464627326,1.94648217146292,"MF","GO:0008173","RNA methyltransferase activity"
"GO:0006333",0.523042519450183,1.77278841766425,0.520913495118038,1.77789180010281,0.556367264837502,1.90818104298747,"BP","GO:0006333","chromatin assembly or disassembly"
"GO:0000502",0.642716896379702,1.93282261012452,0.602340251702712,1.85060394798662,0.602464049094158,1.84864811776185,"CC","GO:0000502","proteasome complex"
"GO:2000816",0.702342488014904,1.97145653627447,0.71221758974592,2.00558446718929,0.727930104991332,2.07349735725944,"BP","GO:2000816","negative regulation of mitotic sister chromatid separation"
"GO:0007568",0.429933768656907,1.59257842760913,0.411984681459529,1.5470809964903,0.385278261763545,1.46048262203841,"BP","GO:0007568","aging"
"GO:0061695",0.45733284691598,1.6567574121528,0.449461587177875,1.65408949954507,0.445933330749525,1.65176626225065,"CC","GO:0061695","transferase complex, transferring phosphorus-containing groups"
"GO:0060071",0.557521032326951,1.82049444833223,0.518010425507928,1.70373932192561,0.532450377883151,1.77221090111943,"BP","GO:0060071","Wnt signaling pathway, planar cell polarity pathway"
"GO:0071013",0.599481233600834,1.8737631795478,0.586769332103044,1.83989347842629,0.632137373810753,1.99152658408284,"CC","GO:0071013","catalytic step 2 spliceosome"
"GO:0046540",0.747170141904139,1.97834625510607,0.720922636572454,1.91646710058773,0.738585355527094,1.96605941433603,"CC","GO:0046540","U4/U6 x U5 tri-snRNP complex"
"GO:0097526",0.747170141904139,1.97834625510607,0.720922636572454,1.91646710058773,0.738585355527094,1.96605941433603,"CC","GO:0097526","spliceosomal tri-snRNP complex"
"GO:0035195",0.55030453251133,1.82152312894484,0.52714298934029,1.75412065440435,0.516130281179349,1.73441767644245,"BP","GO:0035195","gene silencing by miRNA"
"GO:0034655",0.392550848968382,1.5108813950178,0.353484767017225,1.39134000357305,0.347411833081006,1.3728963393307,"BP","GO:0034655","nucleobase-containing compound catabolic process"
"GO:0006690",-0.517491571998039,-1.80195448086164,-0.554143776630778,-1.85343576682997,-0.566044786067922,-1.89392314832019,"BP","GO:0006690","icosanoid metabolic process"
"GO:0090175",0.548034362695233,1.79015717692132,0.510015135187535,1.67927951876438,0.523576291981736,1.74625016640933,"BP","GO:0090175","regulation of establishment of planar polarity"
"GO:0045839",0.646202557546266,1.90560608363487,0.653187201706639,1.95477914122209,0.677490401386262,2.04142173056519,"BP","GO:0045839","negative regulation of mitotic nuclear division"
"GO:0006278",0.615550562852079,1.86624478576281,0.594326111794063,1.83869277491072,0.583567422151297,1.80061979449808,"BP","GO:0006278","RNA-dependent DNA biosynthetic process"
"GO:0005684",0.58149583587731,1.8465236032622,0.574581977013166,1.81071970096729,0.605497393700874,1.93134923839826,"CC","GO:0005684","U2-type spliceosomal complex"
"GO:0002562",0.633065562848372,1.9081105127976,0.589630307547866,1.79977402822897,0.624775048760367,1.91810009933044,"BP","GO:0002562","somatic diversification of immune receptors via germline recombination within a single locus"
"GO:0016444",0.633065562848372,1.9081105127976,0.589630307547866,1.79977402822897,0.624775048760367,1.91810009933044,"BP","GO:0016444","somatic cell DNA recombination"
"GO:0000226",0.390044396503436,1.50132165706204,0.368337756019808,1.44843390951664,0.374371522778937,1.47655446838436,"BP","GO:0000226","microtubule cytoskeleton organization"
"GO:0001533",-0.688773108506885,-1.98912419660707,-0.746274720049965,-2.09379054225053,-0.838895337037715,-2.33028106984544,"CC","GO:0001533","cornified envelope"
"GO:0045841",0.706098214544046,1.92874244216497,0.716657378075783,1.97625698355446,0.736457635255199,2.0733629846432,"BP","GO:0045841","negative regulation of mitotic metaphase/anaphase transition"
"GO:0016054",-0.402675907180952,-1.58318530067421,-0.446305345749231,-1.67389802279708,-0.432997527255635,-1.60936007877232,"BP","GO:0016054","organic acid catabolic process"
"GO:0046395",-0.402675907180952,-1.58318530067421,-0.446305345749231,-1.67389802279708,-0.432997527255635,-1.60936007877232,"BP","GO:0046395","carboxylic acid catabolic process"
"GO:0051988",0.869184248974224,1.91021515173176,0.863512998415019,1.83936595439271,0.84409238142468,1.83168335001331,"BP","GO:0051988","regulation of attachment of spindle microtubules to kinetochore"
"GO:0090305",0.443673686701314,1.6134744250352,0.425682505528136,1.57140166494176,0.447173806071048,1.65163494677836,"BP","GO:0090305","nucleic acid phosphodiester bond hydrolysis"
"GO:0034605",0.530049088744097,1.77265150207464,0.474905738552426,1.60603328391432,0.505946759323311,1.71144056044249,"BP","GO:0034605","cellular response to heat"
"GO:0043114",-0.658784203842983,-1.97877309951705,-0.632556997005301,-1.82296069691387,-0.644946422249365,-1.86068158616806,"BP","GO:0043114","regulation of vascular permeability"
"GO:0048002",0.476891438731252,1.69012386512553,0.458710160170597,1.64170150996878,0.442434117070374,1.59398996287217,"BP","GO:0048002","antigen processing and presentation of peptide antigen"
"GO:0030071",0.663907263852866,1.93845815947791,0.677191281563995,1.99288010624599,0.698066493840874,2.09829962667231,"BP","GO:0030071","regulation of mitotic metaphase/anaphase transition"
"GO:0006401",0.415007823981677,1.55685284978594,0.375450266115611,1.43545402723366,0.389804419768419,1.5065032250978,"BP","GO:0006401","RNA catabolic process"
"GO:0001704",0.535355380402012,1.78155915572633,0.499654808050424,1.67116882569282,0.477511620550148,1.61049982816241,"BP","GO:0001704","formation of primary germ layer"
"GO:0044242",-0.435745345503141,-1.66658086322233,-0.432478181587457,-1.57748174116633,-0.443413783847376,-1.58342886581613,"BP","GO:0044242","cellular lipid catabolic process"
"GO:0009262",0.718949758048974,1.92028172564548,0.662995248015364,1.78332305458545,0.720313126873966,1.95376150502817,"BP","GO:0009262","deoxyribonucleotide metabolic process"
"GO:0001649",0.470103941293172,1.66846329223865,0.452480689557273,1.62447281775618,0.421057561408055,1.51757594190763,"BP","GO:0001649","osteoblast differentiation"
"GO:0043486",0.702553522219832,1.91905993852835,0.685874185962255,1.89136914139787,0.721806272175251,2.03211472754012,"BP","GO:0043486","histone exchange"
"GO:0060147",0.574746487511273,1.82111901998292,0.538903922917801,1.70155940160221,0.512147277616618,1.63515177812228,"BP","GO:0060147","regulation of posttranscriptional gene silencing"
"GO:0060966",0.574746487511273,1.82111901998292,0.538903922917801,1.70155940160221,0.512147277616618,1.63515177812228,"BP","GO:0060966","regulation of gene silencing by RNA"
"GO:0006936",-0.369053241926279,-1.49970708598726,-0.383128717540628,-1.48312282700173,-0.390012384761227,-1.50238157439634,"BP","GO:0006936","muscle contraction"
"GO:0033238",0.574048961900228,1.81890886788143,0.543305664791983,1.71545765869577,0.51004999846306,1.6284557164872,"BP","GO:0033238","regulation of cellular amine metabolic process"
"GO:0007004",0.628218400999721,1.889221734154,0.60614060936899,1.86228000131544,0.597537644067611,1.83353154874275,"BP","GO:0007004","telomere maintenance via telomerase"
"GO:0042769",0.697646945857443,1.90565738080913,0.651068762012097,1.7953895781486,0.657238381628145,1.85033553502693,"BP","GO:0042769","DNA damage response, detection of DNA damage"
"GO:0061013",0.479401289019232,1.69391789606602,0.445862788379409,1.5830643373592,0.419865720452198,1.50020638501212,"BP","GO:0061013","regulation of mRNA catabolic process"
"GO:0003725",0.589129482061691,1.84140731952969,0.569069737676104,1.78439404010323,0.563697320770584,1.7759086018334,"MF","GO:0003725","double-stranded RNA binding"
"GO:0006275",0.550726206458796,1.80679808926429,0.549212159671288,1.8130224786465,0.526607158024467,1.76601165380874,"BP","GO:0006275","regulation of DNA replication"
"GO:0090068",0.437773281449045,1.60856985542857,0.413555013142766,1.53148165062113,0.423468633499895,1.57862045632516,"BP","GO:0090068","positive regulation of cell cycle process"
"GO:0016363",0.541451151094572,1.79025086265796,0.547982111263978,1.81978247534655,0.549994672831839,1.84125748615217,"CC","GO:0016363","nuclear matrix"
"GO:0070182",0.803725309736692,1.92946521751885,0.816983962986459,1.94023234385983,0.833764690886063,2.05046590760463,"MF","GO:0070182","DNA polymerase binding"
"GO:0051985",0.647587613099793,1.85938440243019,0.649938340794425,1.88993119571973,0.674579424184094,1.97263362435047,"BP","GO:0051985","negative regulation of chromosome segregation"
"GO:0048306",-0.550229841750324,-1.81715348247238,-0.647498443866575,-2.05838967475727,-0.663781856610666,-2.10043453799048,"MF","GO:0048306","calcium-dependent protein binding"
"GO:0070192",0.651066383413756,1.87879083730341,0.632343349840214,1.84688603753919,0.667411384610983,1.98759186776825,"BP","GO:0070192","chromosome organization involved in meiotic cell cycle"
"GO:0030282",0.538282954939865,1.77657954929846,0.492481536893426,1.63769609636496,0.462505405876204,1.55395865546198,"BP","GO:0030282","bone mineralization"
"GO:0000018",0.578179140760843,1.81290491156682,0.558083614304204,1.75073526659098,0.592354031318278,1.867537266525,"BP","GO:0000018","regulation of DNA recombination"
"GO:0016634",-0.869624894523552,-1.93203792996691,-0.838544992981,-1.83276466964204,-0.838072218078328,-1.7806605734778,"MF","GO:0016634","oxidoreductase activity, acting on the CH-CH group of donors, oxygen as acceptor"
"GO:0043044",0.602516796737937,1.84374178105551,0.59533806292805,1.84981256589744,0.626862298394948,1.94640252553065,"BP","GO:0043044","ATP-dependent chromatin remodeling"
"GO:0006635",-0.563212767154258,-1.84878849346313,-0.587195803856711,-1.86416726954843,-0.576321593075706,-1.82544637998621,"BP","GO:0006635","fatty acid beta-oxidation"
"GO:0010212",0.512762736542109,1.73769790683378,0.508844593658395,1.74049655794847,0.531276776393456,1.82156638496235,"BP","GO:0010212","response to ionizing radiation"
"GO:0008395",-0.674618405772551,-1.94824649485463,-0.698648677946402,-1.96016822617557,-0.680474569711741,-1.89022031509898,"MF","GO:0008395","steroid hydroxylase activity"
"GO:0031581",0.838042254018423,1.88002057960321,0.805802387512109,1.75851834517592,0.812852584581041,1.83350032320745,"BP","GO:0031581","hemidesmosome assembly"
"GO:0000387",0.673379716724477,1.85641950384543,0.665584219967796,1.85121805713932,0.661489119482793,1.87968646501957,"BP","GO:0000387","spliceosomal snRNP assembly"
"GO:0060964",0.566490713372735,1.79107292314091,0.532002904022927,1.67324679318535,0.508990678867562,1.62135969459019,"BP","GO:0060964","regulation of gene silencing by miRNA"
"GO:0017038",0.464728041707312,1.63850732696806,0.471599171205366,1.67467465125627,0.469927016581968,1.6744431464379,"BP","GO:0017038","protein import"
"GO:0002244",0.492222880748469,1.71302596278802,0.461903388732445,1.60687718625948,0.436770832284325,1.53246080797294,"BP","GO:0002244","hematopoietic progenitor cell differentiation"
"GO:0034724",0.701846899607293,1.89667833419796,0.71938289808372,1.95692809334998,0.748523439877624,2.07162933739207,"BP","GO:0034724","DNA replication-independent nucleosome organization"
"GO:0003013",-0.332106653849349,-1.39196976520528,-0.340341975053559,-1.38013724791469,-0.335379382948091,-1.34430897874592,"BP","GO:0003013","circulatory system process"
"GO:2000104",0.809727490549022,1.92516971863907,0.814536030129149,1.86220201824574,0.807023613743625,1.92085909722516,"BP","GO:2000104","negative regulation of DNA-dependent DNA replication"
"GO:0032210",0.641863583246236,1.84294929525172,0.649115694830762,1.8875390545393,0.61565836389617,1.80033417295982,"BP","GO:0032210","regulation of telomere maintenance via telomerase"
"GO:0043687",0.416024600254796,1.54971511385601,0.3824641159159,1.44391614449204,0.398882179258809,1.52110769765879,"BP","GO:0043687","post-translational protein modification"
"GO:0003682",0.378834935210069,1.47207012354498,0.375671552985257,1.48484664588279,0.376724937220703,1.50092707845902,"MF","GO:0003682","chromatin binding"
"GO:0003174",0.872113994272126,1.85080982476938,0.891827925520211,1.84700978885298,0.812453091981696,1.72569874340526,"BP","GO:0003174","mitral valve development"
"GO:0009113",0.872066854897799,1.85070978507536,0.860027640497431,1.78115018068795,0.871845868143127,1.85185253640656,"BP","GO:0009113","purine nucleobase biosynthetic process"
"GO:0061982",0.55433076761163,1.77390477610968,0.574217949333431,1.82967340398504,0.585834162887993,1.89671775430776,"BP","GO:0061982","meiosis I cell cycle process"
"GO:0016445",0.619095804416435,1.8529940195775,0.606864805941885,1.82829413663255,0.607218333854581,1.85169246748865,"BP","GO:0016445","somatic diversification of immunoglobulins"
"GO:0016447",0.635515032463127,1.85518282210378,0.615089593374228,1.80138803072467,0.613995029486725,1.83427439307088,"BP","GO:0016447","somatic recombination of immunoglobulin gene segments"
"GO:0015175",0.721224854468154,1.88867230524477,0.755101095728003,1.98287689749171,0.680861106271151,1.80374192567243,"MF","GO:0015175","neutral amino acid transmembrane transporter activity"
"GO:0001736",0.524749844546619,1.74506200482766,0.501629782495281,1.68113655087351,0.512144390747281,1.73689878867715,"BP","GO:0001736","establishment of planar polarity"
"GO:0007164",0.524749844546619,1.74506200482766,0.501629782495281,1.68113655087351,0.512144390747281,1.73689878867715,"BP","GO:0007164","establishment of tissue polarity"
"GO:0032543",0.549022623887037,1.78146245177723,0.526080810465977,1.71666339585213,0.576336658250935,1.90759797985907,"BP","GO:0032543","mitochondrial translation"
"GO:0003181",0.75032317997441,1.92531631663125,0.729043855954788,1.84362574149023,0.697536750511049,1.83830631418058,"BP","GO:0003181","atrioventricular valve morphogenesis"
"GO:0019882",0.441828942446475,1.59880839718485,0.426765018750121,1.56480560658784,0.400987296330384,1.47828817940919,"BP","GO:0019882","antigen processing and presentation"
"GO:1904356",0.646300553726804,1.88705057175645,0.663146823434671,1.95154921204975,0.637442580275068,1.9160718069375,"BP","GO:1904356","regulation of telomere maintenance via telomere lengthening"
"GO:0007094",0.694798092043122,1.88098616882841,0.702172140763195,1.91734738450894,0.724250821423574,2.02271195689392,"BP","GO:0007094","mitotic spindle assembly checkpoint"
"GO:0031577",0.694798092043122,1.88098616882841,0.702172140763195,1.91734738450894,0.724250821423574,2.02271195689392,"BP","GO:0031577","spindle checkpoint"
"GO:0071173",0.694798092043122,1.88098616882841,0.702172140763195,1.91734738450894,0.724250821423574,2.02271195689392,"BP","GO:0071173","spindle assembly checkpoint"
"GO:0071174",0.694798092043122,1.88098616882841,0.702172140763195,1.91734738450894,0.724250821423574,2.02271195689392,"BP","GO:0071174","mitotic spindle checkpoint"
"GO:0006284",0.664894443641902,1.86893693859081,0.646216310769863,1.8364664594678,0.655783348509707,1.89265007857397,"BP","GO:0006284","base-excision repair"
"GO:0006400",0.610153274943997,1.8390510346199,0.583497725812306,1.78105507638344,0.626176785050476,1.92240352105418,"BP","GO:0006400","tRNA modification"
"GO:0016712",-0.670022307299999,-1.91334118267618,-0.735764097810723,-2.03347873321207,-0.720755353295218,-1.9484247348755,"MF","GO:0016712","oxidoreductase activity, acting on paired donors, with incorporation or reduction of molecular oxygen, reduced flavin or flavoprotein as one donor, and incorporation of one atom of oxygen"
"GO:0042770",0.506494016991819,1.70321565360957,0.493489778620549,1.67734776679414,0.500220533994698,1.70177480135956,"BP","GO:0042770","signal transduction in response to DNA damage"
"GO:0005635",0.389865495290675,1.48807723529664,0.383274340631893,1.4888456038592,0.39771362069147,1.54484800646938,"CC","GO:0005635","nuclear envelope"
"GO:0034308",-0.53143023112407,-1.78206930839969,-0.53304588060789,-1.71792374399904,-0.51660675657867,-1.66311205926188,"BP","GO:0034308","primary alcohol metabolic process"
"GO:0006353",0.593569904382246,1.80818982963091,0.553091528979486,1.7198921266932,0.599209860385721,1.85730413900821,"BP","GO:0006353","DNA-templated transcription, termination"
"GO:0019369",-0.588437649188611,-1.83207567138911,-0.637145568659302,-1.92389606883604,-0.625475342433113,-1.8508987577509,"BP","GO:0019369","arachidonic acid metabolic process"
"GO:0006298",0.691207815918417,1.86792716419251,0.640759895615471,1.74305094569538,0.718471739614341,1.98845761478828,"BP","GO:0006298","mismatch repair"
"GO:0016891",0.74227276818649,1.91079800193578,0.692270451664364,1.79079012366622,0.734939735243666,1.94576331052995,"MF","GO:0016891","endoribonuclease activity, producing 5'-phosphomonoesters"
"GO:0072686",0.512370498620153,1.71442109724953,0.541269861205317,1.83006891706183,0.535270484854722,1.81268637824863,"CC","GO:0072686","mitotic spindle"
"GO:0071005",0.632362345417153,1.81566888860741,0.633702468131461,1.84271951376547,0.664709355183548,1.94377115199048,"CC","GO:0071005","U2-type precatalytic spliceosome"
"GO:0070330",-0.710032805614095,-1.89465974907357,-0.754555787738087,-1.96758821376743,-0.724257522309272,-1.8306955566808,"MF","GO:0070330","aromatase activity"
"GO:0018205",0.3968254504958,1.49172332355959,0.407508771241242,1.56141363044156,0.416514775183974,1.61048396307349,"BP","GO:0018205","peptidyl-lysine modification"
"GO:0045132",0.603468693125003,1.81890316749364,0.595978171491064,1.81915010254782,0.616151470591244,1.89162515258664,"BP","GO:0045132","meiotic chromosome segregation"
"GO:1902476",-0.517709512052901,-1.75197884706525,-0.557710754417309,-1.81947633700786,-0.538556022773771,-1.74768515741093,"BP","GO:1902476","chloride transmembrane transport"
"GO:0006297",0.742198191323633,1.90446773612716,0.703876743409439,1.77998246934877,0.719001412236738,1.89487483641711,"BP","GO:0006297","nucleotide-excision repair, DNA gap filling"
"GO:0001510",0.606804596641327,1.8248246637396,0.55655729084838,1.70994237362224,0.587116228734407,1.8015536574991,"BP","GO:0001510","RNA methylation"
"GO:0000076",0.826884318828706,1.89246012694144,0.797481715479203,1.77934204202377,0.861702552006003,1.98178718245212,"BP","GO:0000076","DNA replication checkpoint"
"GO:0071229",0.585577220970778,1.79190554385124,0.571919797300126,1.77704819095222,0.555040049253474,1.72339500461865,"BP","GO:0071229","cellular response to acid chemical"
"GO:0033046",0.651202377198329,1.86398625984856,0.65654230982509,1.89689474657935,0.68065200150326,1.98101037031301,"BP","GO:0033046","negative regulation of sister chromatid segregation"
"GO:0003684",0.590021781221273,1.79738119501756,0.637926898480109,1.98369599354766,0.663098400256122,2.05533233811045,"MF","GO:0003684","damaged DNA binding"
"GO:0002474",0.522207349837189,1.71870449557857,0.494245188212786,1.63876563335943,0.481555005290598,1.61556272381268,"BP","GO:0002474","antigen processing and presentation of peptide antigen via MHC class I"
"GO:1903900",0.488576631049297,1.67017349856823,0.476762152629636,1.6391784795821,0.433129234964758,1.49066771504165,"BP","GO:1903900","regulation of viral life cycle"
"GO:0001738",0.50137914814141,1.70042975396315,0.484746728980605,1.66303102400849,0.492965025385048,1.69716041286798,"BP","GO:0001738","morphogenesis of a polarized epithelium"
"GO:0046112",0.777927927133742,1.89945613150894,0.74965367280802,1.79369206107568,0.764396237968804,1.90945500903124,"BP","GO:0046112","nucleobase biosynthetic process"
"GO:0007127",0.556421089288228,1.76305388695835,0.579768491910617,1.8305870234196,0.590708195998683,1.88597616204005,"BP","GO:0007127","meiosis I"
"GO:0071230",0.598703153707179,1.80453944847947,0.591632468435487,1.80588537820496,0.576345959684629,1.76941964105835,"BP","GO:0071230","cellular response to amino acid stimulus"
"GO:0071011",0.632339635742761,1.82425604947196,0.62487036795818,1.81619064345859,0.659787673180543,1.94516790136023,"CC","GO:0071011","precatalytic spliceosome"
"GO:0034708",0.53702796022877,1.74676890177066,0.529629579843849,1.73499334648829,0.552348961360432,1.83297467182251,"CC","GO:0034708","methyltransferase complex"
"GO:0010499",0.753761258676678,1.8480055391802,0.78761757691282,1.90251355992209,0.751680876837763,1.90859466445868,"BP","GO:0010499","proteasomal ubiquitin-independent protein catabolic process"
"GO:0030496",0.46835949737116,1.61803814410538,0.466777323427211,1.61933143203068,0.469251568079705,1.63397847852501,"CC","GO:0030496","midbody"
"GO:0003777",0.595669677239379,1.79539630647615,0.630939197987972,1.92586433803385,0.606459998446119,1.86187170177086,"MF","GO:0003777","microtubule motor activity"
"GO:0002204",0.642172576608169,1.82360170572922,0.609695824669953,1.75262481226314,0.61808472159794,1.79256661311417,"BP","GO:0002204","somatic recombination of immunoglobulin genes involved in immune response"
"GO:0002208",0.642172576608169,1.82360170572922,0.609695824669953,1.75262481226314,0.61808472159794,1.79256661311417,"BP","GO:0002208","somatic diversification of immunoglobulins involved in immune response"
"GO:0045190",0.642172576608169,1.82360170572922,0.609695824669953,1.75262481226314,0.61808472159794,1.79256661311417,"BP","GO:0045190","isotype switching"
"GO:0032204",0.583280441847237,1.79593802567284,0.587588404743121,1.82579803529152,0.587693671385252,1.82651997319516,"BP","GO:0032204","regulation of telomere maintenance"
"GO:0036257",-0.725049662353768,-1.93085977362848,-0.707252990887723,-1.82765035942172,-0.741853249813584,-1.84540062326356,"BP","GO:0036257","multivesicular body organization"
"GO:0008201",0.480456439491369,1.646412496823,0.473773409723955,1.63431824420834,0.474003596635796,1.63620422106508,"MF","GO:0008201","heparin binding"
"GO:0005876",0.600171983829263,1.79635379341954,0.588157761408932,1.77193565365834,0.602229328057686,1.83647865733288,"CC","GO:0005876","spindle microtubule"
"GO:2001252",0.462101359679767,1.60919533239557,0.468151945556068,1.63103928085925,0.493092263764348,1.73154317104738,"BP","GO:2001252","positive regulation of chromosome organization"
"GO:0004298",0.771200307915281,1.88302939436628,0.784725276210925,1.87760768621675,0.771473814212115,1.92713473158652,"MF","GO:0004298","threonine-type endopeptidase activity"
"GO:1900182",0.549132738731336,1.72280957085907,0.558699127026902,1.75919634783785,0.558986230666682,1.76831728564389,"BP","GO:1900182","positive regulation of protein localization to nucleus"
"GO:0051383",0.789218368852109,1.88818110459684,0.799916263717101,1.85700809760921,0.793384915689905,1.92029077376836,"BP","GO:0051383","kinetochore organization"
"GO:0016616",-0.478942191350257,-1.65812703501888,-0.512492706053759,-1.70268577554764,-0.495442129224942,-1.63964670293086,"MF","GO:0016616","oxidoreductase activity, acting on the CH-OH group of donors, NAD or NADP as acceptor"
"GO:0005874",0.396140976064714,1.48225584562217,0.399897296486056,1.52540170532679,0.386313151481765,1.48648885786347,"CC","GO:0005874","microtubule"
"GO:0051225",0.528962665948022,1.71637212526286,0.518701574959149,1.69258408478066,0.54377746135022,1.79983135189178,"BP","GO:0051225","spindle assembly"
"GO:0004029",-0.795502762586188,-1.92230786011327,-0.841865606728553,-1.98523401999606,-0.814302317160121,-1.87251701892628,"MF","GO:0004029","aldehyde dehydrogenase (NAD+) activity"
"GO:0004030",-0.795502762586188,-1.92230786011327,-0.841865606728553,-1.98523401999606,-0.814302317160121,-1.87251701892628,"MF","GO:0004030","aldehyde dehydrogenase [NAD(P)+] activity"
"GO:0033262",0.786368306243062,1.86963202873372,0.789967511028846,1.80603317590903,0.794905793241187,1.89201653877427,"BP","GO:0033262","regulation of nuclear cell cycle DNA replication"
"GO:0005839",0.775621160807722,1.86199692061504,0.778049280107544,1.84776745538949,0.763777265565277,1.87834680595643,"CC","GO:0005839","proteasome core complex"
"GO:0015108",-0.502175063237309,-1.71496382273617,-0.538913257597474,-1.77566048101291,-0.520255656456363,-1.70108781766025,"MF","GO:0015108","chloride transmembrane transporter activity"
"GO:0006336",0.693516718092139,1.86733346724563,0.709580225041618,1.91959990518817,0.743663317160888,2.03447157459266,"BP","GO:0006336","DNA replication-independent nucleosome assembly"
"GO:0017144",-0.615375346680074,-1.84838703632114,-0.703628981559656,-2.02778245227764,-0.706098208724574,-2.0371055481134,"BP","GO:0017144","drug metabolic process"
"GO:0036258",-0.715968998220176,-1.88607021395938,-0.707083189829491,-1.8036375868612,-0.759180979137954,-1.86062707221628,"BP","GO:0036258","multivesicular body assembly"
"GO:0042133",-0.68728221274181,-1.87326767306649,-0.700433666844483,-1.86190936705161,-0.677587104227843,-1.76083557894608,"BP","GO:0042133","neurotransmitter metabolic process"
"GO:0006606",0.473837777899208,1.62373188259477,0.484851790594517,1.67253398110163,0.481885479521445,1.66341154636592,"BP","GO:0006606","protein import into nucleus"
"GO:0042575",0.763352889855909,1.86386845949111,0.751180200868766,1.79734457604744,0.735234289695801,1.83660872141611,"CC","GO:0042575","DNA polymerase complex"
"GO:1905508",0.670658414935005,1.81239425003731,0.650391779004422,1.76925243484104,0.639109460969022,1.76881289030136,"BP","GO:1905508","protein localization to microtubule organizing center"
"GO:0004527",0.570958770907064,1.73105004429492,0.579845674142515,1.79389400945336,0.596526593503673,1.84060581765777,"MF","GO:0004527","exonuclease activity"
"GO:2001020",0.440270740601946,1.55436406852793,0.424016352718729,1.50586684522165,0.443555233083492,1.58432086924522,"BP","GO:2001020","regulation of response to DNA damage stimulus"
"GO:0016579",0.425960368280985,1.54120735539124,0.416356560620015,1.53155377760622,0.395985016015721,1.46089408462547,"BP","GO:0016579","protein deubiquitination"
"GO:0000460",0.667626944152218,1.80742731200471,0.649519039739887,1.77357311653016,0.665990853214238,1.86000156593619,"BP","GO:0000460","maturation of 5.8S rRNA"
"GO:0001101",0.487634053706682,1.63498876619573,0.471119813718832,1.59461122873651,0.463035578718472,1.5691279601296,"BP","GO:0001101","response to acid chemical"
"GO:1904358",0.667817423268198,1.80471672471792,0.678843650265122,1.84664969619762,0.668366984733698,1.84978663319478,"BP","GO:1904358","positive regulation of telomere maintenance via telomere lengthening"
"GO:0006805",-0.489239150497391,-1.69463447557463,-0.529129853071308,-1.76086030100914,-0.515331620582263,-1.70415602055531,"BP","GO:0006805","xenobiotic metabolic process"
"GO:0032467",0.666812640216222,1.80200138858647,0.642784837572807,1.74855936939334,0.652579298555156,1.80609229830213,"BP","GO:0032467","positive regulation of cytokinesis"
"GO:0044774",0.52116354618626,1.69106562894013,0.499359563349763,1.62946883200691,0.548318326039005,1.81486101239165,"BP","GO:0044774","mitotic DNA integrity checkpoint"
"GO:1901681",0.421222365305635,1.51804364752041,0.408896013858627,1.49837714055232,0.412672104240074,1.51529223223653,"MF","GO:1901681","sulfur compound binding"
"GO:0061037",0.719877387127315,1.85314662199224,0.692110722020061,1.79037692927263,0.690111014706044,1.82707864089349,"BP","GO:0061037","negative regulation of cartilage development"
"GO:0031424",-0.483248851196181,-1.66840062278399,-0.63347400514345,-2.10752300144539,-0.684839779638236,-2.27171712679903,"BP","GO:0031424","keratinization"
"GO:0044282",-0.335421262407773,-1.37414839041245,-0.364895215941117,-1.44829349541483,-0.366409572458705,-1.43947041083198,"BP","GO:0044282","small molecule catabolic process"
"GO:0031055",0.720065678459084,1.84767609049571,0.73302802996917,1.85370102806112,0.747392083536739,1.96969634263363,"BP","GO:0031055","chromatin remodeling at centromere"
"GO:0044380",0.58705755159553,1.73119160346892,0.591289677039601,1.76953976452232,0.565336702672678,1.70347893868401,"BP","GO:0044380","protein localization to cytoskeleton"
"GO:0005520",0.737001976744267,1.8069166061961,0.776491236105834,1.87563755451274,0.732744142478628,1.86051235815848,"MF","GO:0005520","insulin-like growth factor binding"
"GO:0034080",0.711044941807093,1.79189113492445,0.721637864116851,1.8033198191445,0.744038105778748,1.9402268783421,"BP","GO:0034080","CENP-A containing nucleosome assembly"
"GO:0061641",0.711044941807093,1.79189113492445,0.721637864116851,1.8033198191445,0.744038105778748,1.9402268783421,"BP","GO:0061641","CENP-A containing chromatin organization"
"GO:0060688",0.575020189913981,1.71350209508724,0.554343446227665,1.66708540280004,0.550069195573254,1.68042613145182,"BP","GO:0060688","regulation of morphogenesis of a branching structure"
"GO:0015103",-0.435204627459629,-1.57377793563578,-0.460272007445438,-1.5820095604367,-0.458052916462554,-1.57849736328995,"MF","GO:0015103","inorganic anion transmembrane transporter activity"
"GO:0017022",-0.541052712568575,-1.7439829152132,-0.577405103970622,-1.7872618867645,-0.577214337036646,-1.80341603273172,"MF","GO:0017022","myosin binding"
"GO:0008544",-0.338815829851435,-1.36787455341749,-0.451155125165205,-1.74130174146151,-0.499245137615843,-1.91110254966716,"BP","GO:0008544","epidermis development"
"GO:0035173",0.769993680716806,1.83070049487185,0.753772002719411,1.72328257172204,0.76197646905631,1.8136389165476,"MF","GO:0035173","histone kinase activity"
"GO:0008757",0.484078695759437,1.61295897818085,0.504211225996723,1.70238538814066,0.541817801129729,1.83301684403737,"MF","GO:0008757","S-adenosylmethionine-dependent methyltransferase activity"
"GO:0010498",0.381818340905467,1.45282979435738,0.368293060827341,1.42702997463039,0.368628248730211,1.43143351437708,"BP","GO:0010498","proteasomal protein catabolic process"
"GO:0045787",0.389187843630765,1.45800191129061,0.365893604736989,1.3990703319325,0.381155961228141,1.47168119140289,"BP","GO:0045787","positive regulation of cell cycle"
"GO:0043138",0.77232030071176,1.84775298707443,0.780733711482151,1.8124757428505,0.806186497605467,1.95127543097062,"MF","GO:0043138","3'-5' DNA helicase activity"
"GO:0033209",0.458728660239484,1.59499159522042,0.482090489446791,1.67436342511098,0.431060417857763,1.50436914851804,"BP","GO:0033209","tumor necrosis factor-mediated signaling pathway"
"GO:0032212",0.661770977624966,1.767559833867,0.672437149443703,1.80871985878078,0.656824898219603,1.781557428024,"BP","GO:0032212","positive regulation of telomere maintenance via telomerase"
"GO:0031123",0.496130665715302,1.64988857675156,0.460736151039885,1.54408771339094,0.510588415634296,1.73162181730388,"BP","GO:0031123","RNA 3'-end processing"
"GO:0010927",-0.462304092881725,-1.60363901538454,-0.486882150277433,-1.6219350780159,-0.5006533526123,-1.66756785862827,"BP","GO:0010927","cellular component assembly involved in morphogenesis"
"GO:0030684",0.576323601225077,1.73316011057244,0.58523144458998,1.79803959436977,0.592581612344054,1.81832407083416,"CC","GO:0030684","preribosome"
"GO:0016925",0.533510789224107,1.67284542449162,0.525786499517657,1.64941765679797,0.511493189213555,1.61260418926191,"BP","GO:0016925","protein sumoylation"
"GO:0015179",0.595207629155582,1.70898849742019,0.635836566192137,1.84892517705141,0.603540017944169,1.76489719424476,"MF","GO:0015179","L-amino acid transmembrane transporter activity"
"GO:0033627",0.562510884972772,1.71357485235545,0.561434963714699,1.74583685185858,0.562033765039565,1.74207353229868,"BP","GO:0033627","cell adhesion mediated by integrin"
"GO:0007131",0.626969910808794,1.72847375981465,0.64228217379411,1.78640707251725,0.657949701632614,1.86962886069762,"BP","GO:0007131","reciprocal meiotic recombination"
"GO:0035825",0.626969910808794,1.72847375981465,0.64228217379411,1.78640707251725,0.657949701632614,1.86962886069762,"BP","GO:0035825","homologous recombination"
"GO:0070003",0.705037795569241,1.81494575687363,0.754445337090307,1.95162635536319,0.737253308746699,1.95188852899691,"MF","GO:0070003","threonine-type peptidase activity"
"GO:0070268",-0.495224670458041,-1.67935899536169,-0.655348281749131,-2.14565059208845,-0.70603318784199,-2.29576955683338,"BP","GO:0070268","cornification"
"GO:0034612",0.397121409027829,1.46756399090546,0.421588241789167,1.56783557290875,0.376184504017736,1.42085828183476,"BP","GO:0034612","response to tumor necrosis factor"
"GO:0007569",0.496019972087751,1.61967271741976,0.510189395092586,1.67801590710528,0.523462110627717,1.7422943006738,"BP","GO:0007569","cell aging"
"GO:2000779",0.572291097330085,1.7129044862607,0.558967974167661,1.68399594066091,0.574954795900117,1.75330586274704,"BP","GO:2000779","regulation of double-strand break repair"
"GO:0019373",-0.730073943425523,-1.88315837804141,-0.788715682753401,-1.94457627952199,-0.743625173391918,-1.81764254326893,"BP","GO:0019373","epoxygenase P450 pathway"
"GO:0071007",0.671772587670548,1.75917160077849,0.66039011723064,1.73416819839998,0.698655701250882,1.85088348908334,"CC","GO:0071007","U2-type catalytic step 2 spliceosome"
"GO:0042276",0.74001179909129,1.8068768328602,0.753839485579052,1.80370743138451,0.760833270460407,1.9005547478604,"BP","GO:0042276","error-prone translesion synthesis"
"GO:0000077",0.468703514867259,1.58854519605636,0.463547054010511,1.58723326682327,0.498438521775327,1.70880246502366,"BP","GO:0000077","DNA damage checkpoint"
"GO:0036297",0.631054598297269,1.75184960835857,0.656973309498467,1.83830883760468,0.69027504278071,1.96201155996626,"BP","GO:0036297","interstrand cross-link repair"
"GO:0098661",-0.454849919889193,-1.58243979660446,-0.501304234549195,-1.67615561961744,-0.491800918044766,-1.6478199756675,"BP","GO:0098661","inorganic anion transmembrane transport"
"GO:0004857",-0.346400125565009,-1.38581622993647,-0.386552093114262,-1.48025863856614,-0.418300806482898,-1.59036868724731,"MF","GO:0004857","enzyme inhibitor activity"
"GO:0016796",0.582848531127659,1.67350246643942,0.614034375857699,1.78552740981444,0.600008226795884,1.75456938150171,"MF","GO:0016796","exonuclease activity, active with either ribo- or deoxyribonucleic acids and producing 5'-phosphomonoesters"
"GO:1904031",0.658267772434324,1.74512240678915,0.688431001968189,1.84153035331293,0.728486160962476,1.9559508133801,"BP","GO:1904031","positive regulation of cyclin-dependent protein kinase activity"
"GO:0006821",-0.464528406771969,-1.60904100213405,-0.522007425329819,-1.7371579901605,-0.500643295843996,-1.65558303175578,"BP","GO:0006821","chloride transport"
"GO:0030894",0.69496400088167,1.78901325929871,0.689517336579902,1.78366826646327,0.704531793752354,1.86525785672847,"CC","GO:0030894","replisome"
"GO:0051302",0.436870140084882,1.5092520908524,0.438849656991282,1.52244551702752,0.457782240069605,1.59404119028463,"BP","GO:0051302","regulation of cell division"
"GO:1900180",0.467445653222605,1.56249777288957,0.478509970489958,1.61566772225354,0.497863131372531,1.68905773320447,"BP","GO:1900180","regulation of protein localization to nucleus"
"GO:0000780",0.672073461712182,1.74048240830596,0.680224773888425,1.77540742373769,0.684852241612184,1.81198360329038,"CC","GO:0000780","condensed nuclear chromosome, centromeric region"
"GO:0030239",-0.511417874347369,-1.64935890939019,-0.549605315169665,-1.69051525734755,-0.556950198720057,-1.73080358017904,"BP","GO:0030239","myofibril assembly"
"GO:0006268",0.754181069004329,1.76286366797478,0.785107331677315,1.7638541122461,0.815303950770486,1.90466022176974,"BP","GO:0006268","DNA unwinding involved in DNA replication"
"GO:0031994",0.764709368994699,1.75016257603116,0.763813108578575,1.704220610909,0.790277299564774,1.81751976852615,"MF","GO:0031994","insulin-like growth factor I binding"
"GO:0043414",0.393191119592184,1.43083243651538,0.386926019119082,1.42955602157521,0.414553150703925,1.53068821746247,"BP","GO:0043414","macromolecule methylation"
"GO:0035404",0.781445360720524,1.75305404106478,0.798358418089774,1.74227322479285,0.862971556959358,1.94655052910897,"BP","GO:0035404","histone-serine phosphorylation"
"GO:0032206",0.596746762398522,1.69460430644072,0.619715222431007,1.78142646123205,0.632005210504462,1.83293875431116,"BP","GO:0032206","positive regulation of telomere maintenance"
"GO:0005254",-0.52789280730799,-1.6531529749532,-0.56516195464722,-1.72456158023982,-0.590262124466686,-1.79186551095267,"MF","GO:0005254","chloride channel activity"
"GO:1904949",0.516724869048957,1.61509648561457,0.516012700708226,1.61802662626457,0.529042288825096,1.66672914140121,"CC","GO:1904949","ATPase complex"
"GO:0008017",0.402341478107432,1.44492185489234,0.409530268287737,1.49475526396567,0.393257085355889,1.43866449358509,"MF","GO:0008017","microtubule binding"
