"","GSM2696912","GSM4909612","GSM4909623","GSM4909624","GSM4909625","GSM4909627","GSM4909629","GSM4909630","GSM4909631","GSM4909633","GSM433789","GSM509805","GSM509815","GSM509818","GSM509819","GSM573900","GSM573907","GSM573910","GSM573915","GSM573918","GSM573920","GSM573926","GSM573930","GSM573935","GSM573938","GSM573944","GSM573945","GSM573946","GSM573951","GSM935145","GSM935147","GSM935157","GSM935171","GSM2061768","GSM2061762","GSM2061764","GSM2061766","GSM2061770","GSM2061772","GSM2061774","GSM2696914","GSM2696916","GSM433795","GSM4909609","GSM4909610","GSM4909611","GSM4909613","GSM4909614","GSM4909615","GSM4909616","GSM4909617","GSM4909618","GSM4909619","GSM4909620","GSM4909621","GSM4909622","GSM4909626","GSM4909628","GSM4909632","GSM4909634","GSM4909635","GSM4909636","GSM509806","GSM509807","GSM509808","GSM509809","GSM509813","GSM509816","GSM509817","GSM573899","GSM573901","GSM573902","GSM573906","GSM573909","GSM573911","GSM573912","GSM573916","GSM573917","GSM573919","GSM573921","GSM573922","GSM573925","GSM573929","GSM573932","GSM573933","GSM573940","GSM573941","GSM935149","GSM935155","GSM935167","GSM935173","GSM935177","GSM935181","GSM935183","GSM935187","GSM935191","GSM935195","GSM935197","GSM935199","GSM935201","GSM935203","GSM2696918","GSM433787","GSM433791","GSM433793","GSM509804","GSM509810","GSM509811","GSM509812","GSM509814","GSM509820","GSM573903","GSM573908","GSM573913","GSM573914","GSM573923","GSM573924","GSM573927","GSM573928","GSM573931","GSM573934","GSM573936","GSM573937","GSM573939","GSM573943","GSM573947","GSM573948","GSM573949","GSM573950","GSM935151","GSM935153","GSM935159","GSM935161","GSM935163","GSM935165","GSM935169","GSM935175","GSM935179","GSM935185","GSM935189","GSM935193"
"Activated B cell",-0.264124898054363,-0.312548949657616,-0.162043220702744,-0.219774809829867,-0.235342388353264,-0.101424970686782,-0.196645175124715,-0.244208631887323,-0.178985358545252,-0.214812523397315,-0.262726149725224,-0.222896981286835,-0.236188221470596,-0.148472973016976,-0.262727359586634,-0.115504538066635,-0.147332210783428,-0.299116374580349,-0.224811151335369,-0.22204254476701,-0.263091136729263,-0.214127321845527,-0.163758111506267,-0.268523866324009,-0.198614198256838,-0.222466534305475,-0.189528067255428,-0.343983399267198,-0.284483157067921,-0.249597249328117,-0.148446972037016,-0.237066864692096,-0.260512031077097,-0.236525772495043,-0.194011928747279,-0.198781703201451,-0.247294749742495,-0.183026591779488,-0.251304512171681,-0.163096934798376,-0.312640937729907,-0.00266508614893824,-0.386537037375276,-0.171288711422958,-0.194340609348865,-0.0917589597801123,-0.0975972262829022,-0.0876207879210007,-0.272072633940178,-0.141570742937552,-0.236442855247203,-0.115986038884594,-0.0635044786119344,-0.0219341940899999,-0.230183706047704,-0.307634714009282,-0.105281622266219,-0.143109607170186,-0.0916013271184667,-0.0648823453456442,-0.166406148726907,-0.280759558756167,-0.0948836973585985,-0.154139457994304,-0.176562437887624,-0.195546687619882,-0.225801693627316,-0.239186314982141,-0.125433030376624,-0.235333642182002,-0.215147689341144,-0.339307096094195,-0.333231443970467,-0.266752780349245,-0.210392674122144,-0.228076492676311,-0.210194304079452,-0.260007611671016,-0.281746313907554,-0.191295148665459,-0.260857533224387,-0.270439225446103,-0.282926329174518,-0.234167891608383,-0.190663332511661,-0.299673049782474,-0.20190664618553,-0.222296294926738,-0.285962216112461,-0.223564261975709,-0.240941550793099,-0.0860318877772195,-0.219933155469631,-0.243283355243075,-0.188142639393987,-0.145014801555549,-0.162946257306015,-0.154557247976736,-0.228853001862548,-0.25359988187481,-0.131941343830743,-0.294826120831405,-0.176336150323425,-0.272191160584981,-0.112914161110202,-0.220403022294261,-0.214899226277614,-0.108584506619288,-0.107544955699774,-0.193826262146251,-0.137612577330363,-0.212275455204634,-0.179002685329059,-0.139259895995618,-0.245310826934626,-0.183935226491241,-0.294888773537143,-0.190184520636567,-0.256000339392507,-0.184306126755719,-0.267432498729243,-0.176717057357539,-0.173405036141592,-0.144316415545972,-0.164208937459066,-0.251821279603958,-0.27203186549877,-0.194610705691665,-0.278960147574817,-0.179466493208137,-0.278746067402563,-0.268757519904701,-0.1213382271864,-0.209946672143205,-0.182538653018962,-0.205957000607086,-0.190490653418323,-0.164331694334219,-0.25816577082607,-0.114145087995026,-0.174597383482428
"Activated CD4 T cell",0.13864839867166,-0.0263335089986453,0.0251747010064545,0.0504169328456831,0.111294396310776,0.0752411268492753,0.0862469247166606,0.101886219595505,0.130066557998962,0.181872867890484,0.080474172041812,0.0791306864828965,0.102137042758536,0.088829756565944,0.0303767628419339,0.0586611524568869,0.0430495890505528,0.0557276095354731,0.092993418963402,0.033446817231995,-0.0302085637727276,-0.0307876352882894,0.030208539944553,0.00386592129817455,0.052279808655802,0.056423415742651,0.100294618244908,-0.00592305377685473,0.0453038203634177,0.0893484407279588,0.163112996440526,0.0692884291328347,0.106879734458716,0.0411665625135721,-0.0512410696819679,0.109791227768297,0.152045554831556,0.0858991718169499,0.137859519416872,0.168970964040874,0.0747730308946998,0.204907403515338,0.192647624826129,0.150568420856094,0.162510273221154,0.103357122285845,0.262155400659811,0.234046429615292,0.226450022327379,0.171622467361441,0.159139707579374,0.18641424029028,0.275458394527143,0.192623596267362,0.180576877234359,0.128046800607597,0.119527151266105,0.277517407354626,0.145705714957077,0.244313282818984,0.111091318009358,0.116249757636515,0.122413872287916,0.142341987791791,0.164307234508723,0.0771849839193654,0.167398752187955,0.0792652230098618,0.120976362520249,0.122061375593951,0.0690872197765988,0.128203461063434,0.192310296508733,0.170104013713713,0.151099925339367,0.0531388039192478,0.00988494951709971,0.206064077045218,0.16140952716588,0.139034670409672,0.0316337508884442,0.188335859623637,0.141177480482738,0.118787569910579,0.100952778240155,0.0973415696691384,-0.00586916501925309,0.110491728358379,0.100674267914097,0.167914850422943,0.166423929886995,0.107935236946073,0.166071953634068,0.0503154194499882,0.0842215025805693,0.10484795217739,0.160756504457364,0.10765213413048,0.134217490968014,0.182745886720728,0.195780192107431,0.106569414674279,0.166930975540205,0.192938337560745,0.136355356942417,0.154482183130767,0.194429700952081,0.187700520347501,0.263226124747786,0.176395594890181,0.16147711450997,0.147174720575041,0.149844478575632,0.193054378504765,0.138688429231643,0.204588072115351,0.228930294658336,0.12413850268669,0.24105929596569,0.142610134237556,0.13314533069148,0.127141595173843,0.103159980763848,0.192579497732215,0.157873278722011,0.1857974955637,0.0456321780661232,0.247894776180018,0.0912968307941464,0.233058514304901,0.169294898639486,0.140925635025909,0.221920835437577,0.187551971667222,0.0507375203658186,0.16452710435373,0.135434572580244,0.215189139369113,0.189620209985715,0.16773233327211,0.190310741355406
"Activated CD8 T cell",0.16077209534626,0.125416523607536,0.141807925889688,0.139447590330874,0.254251371312336,0.187138141809025,0.136098348383448,0.152454368838086,0.162799030401175,0.214567938776529,0.176203094063952,0.165125922261736,0.207941316124847,0.180488055877274,0.169222766353926,0.170132809463036,0.186561724153548,0.118760458421464,0.18961639492125,0.158835165487001,0.196441074359249,0.179429453777476,0.1866431921987,0.180206716296382,0.141318387592347,0.141256868413007,0.180447834210904,0.194263006551122,0.153266909040572,0.131160105292008,0.154401495725328,0.137005236105699,0.224212488762526,0.169604603028966,0.103447308715715,0.1694226615082,0.177877544942748,0.131031036846571,0.112370702344861,0.18629530162107,0.134643394432723,0.218022665625992,0.194803768400968,0.186863406243618,0.244615833734358,0.193832597923842,0.16350222074512,0.198976081617085,0.211172167985132,0.151291894322159,0.206457637555853,0.215580724948394,0.208362162794727,0.181695840923082,0.19339779180848,0.239580954000679,0.226819289907504,0.170292708526431,0.219316027722445,0.23237394628274,0.211535173779815,0.159977822401764,0.19364616949431,0.1112210047994,0.181782920734762,0.137752816088013,0.194195120004631,0.0911035127206067,0.159739792763133,0.169077490188571,0.152960928140063,0.172142594752182,0.183069829478822,0.182639540116146,0.150674205358935,0.189846365267954,0.159893114755644,0.170900124021069,0.176370340538348,0.161394277733843,0.174554518293242,0.151747647626832,0.272943134714649,0.18858347143831,0.212030398292355,0.186004823254174,0.156480508701787,0.131996779502404,0.136809644657481,0.174450672660084,0.133663116501057,0.193639802136665,0.189180897068496,0.174524677388425,0.171449976489027,0.11804009361244,0.183995731821171,0.130309680962072,0.162889232506638,0.181617677080256,0.219145174894843,0.141334778693841,0.19330679426563,0.190679017929324,0.151694555022008,0.152963714841319,0.153498369896096,0.222709285959207,0.13797170860902,0.184322918523263,0.115129206003915,0.195903914918424,0.215242180834337,0.174649958199774,0.22361694019491,0.220013357425204,0.202323531666702,0.136911177795177,0.300548132163323,0.23494766715228,0.157595198590779,0.165033466274366,0.172934924865141,0.134143048990763,0.195670171561474,0.230013307886343,0.116313400526845,0.272782191628698,0.191421032424826,0.179234151281522,0.169947873018739,0.225601643876293,0.243425663879443,0.127423646541207,0.131151123227827,0.190011461066827,0.181950787641743,0.219726926132877,0.243859548449945,0.144349659381155,0.143708333402889
"Activated dendritic cell",0.239087954366038,0.272374836988354,0.241222952023606,0.29198449156991,0.289039180750353,0.270600809596027,0.268055486271973,0.28656836482847,0.255038221750039,0.28505891112306,0.281538147536593,0.26780127123304,0.260599248922414,0.267993800736468,0.272451368753049,0.271055949124912,0.286872413209876,0.259046788996168,0.262133098908832,0.248824557694606,0.241879263564364,0.250550617898017,0.228522692141447,0.248422489325647,0.280248005521017,0.241407356057144,0.307144160851499,0.295143945649543,0.250485439295947,0.271061197358412,0.238840279138829,0.267776533634497,0.250171955211617,0.263092398776335,0.211174970158894,0.274884500434595,0.280044573702102,0.251494416448412,0.24124398442143,0.300199591033161,0.266718975016108,0.280713655065095,0.339680342937431,0.275315046295992,0.331695918937289,0.252781428926587,0.337916022214439,0.353739003508397,0.317736568938817,0.313012385499807,0.285751725912663,0.301460041259963,0.30861845796565,0.30810995748585,0.307895174251185,0.313763751222157,0.272548856076437,0.344171450519484,0.289648151224089,0.305589670076715,0.31012988727343,0.344112540821897,0.249898085485447,0.275279299735546,0.283195946386778,0.278830219230813,0.27427601560913,0.27844172213283,0.283484833210234,0.277546164678654,0.262516316768475,0.287709833045288,0.259686699715481,0.278518166944767,0.281842649079573,0.28113172492537,0.274242654513719,0.286321835450568,0.27408029382178,0.256512323715584,0.244886241750694,0.258478503727809,0.278666230527982,0.285897839134362,0.275415813161992,0.30000397952918,0.272782582315245,0.290061017673631,0.27144214664414,0.25692231963388,0.251997457169487,0.297763154689739,0.250725499275654,0.259410086132413,0.284053110727188,0.323468134766924,0.257931564060003,0.282092674996339,0.302445404594579,0.276596777822251,0.309583048081738,0.296484162925599,0.271350432565288,0.304905900463345,0.280103117093,0.272019734098022,0.275820357183674,0.256810571940532,0.277564608318479,0.283827165885995,0.289172948537605,0.262725753006408,0.269333357494664,0.269630654976888,0.279761043181972,0.260686833249087,0.349705678917144,0.249895957455382,0.270909043593324,0.25325280551032,0.274854153100329,0.296939916999607,0.252099577587945,0.245146533832361,0.281231471138656,0.279004597469414,0.267213472306471,0.272667598520618,0.272174581347373,0.222191476716095,0.262358732840099,0.285837094561726,0.320657024670883,0.307229663785499,0.257397576103632,0.286474238535905,0.30261259123028,0.270700324827185,0.310035709699069,0.286625086829126,0.314391329493782
"CD56bright natural killer cell",0.276627220815303,0.260795859563509,0.218251945060287,0.266692895164437,0.307861594315261,0.283036163604946,0.228750943929982,0.289023001659419,0.246629641232969,0.298968440733545,0.268916770954778,0.285784223356803,0.315274277035918,0.218880811619596,0.279251564284753,0.209311956216794,0.271658923016257,0.240348581627384,0.286102568708282,0.238554373644582,0.264924068862269,0.238639542641719,0.297530598767345,0.249178090838285,0.279903116989558,0.275043459323771,0.311111079732075,0.288458548126105,0.28223163733796,0.28199703162207,0.259997777466447,0.242198313082143,0.29986963651698,0.255960187573326,0.311748894310047,0.264573664026435,0.263034007695768,0.299160154082351,0.296456128799065,0.247524857616844,0.301887858716434,0.283984873184431,0.293148939943856,0.258678466779505,0.302811242288629,0.279642065868483,0.310962749556386,0.278738089620418,0.321090620269692,0.310519008419578,0.273515141549913,0.343303860318135,0.306409463631299,0.311181942697436,0.284917336040606,0.357095646656863,0.289869222176815,0.325727683064915,0.285222850011724,0.298225721583657,0.236778033331245,0.303644708556533,0.271558927539372,0.262716539408296,0.298768163027925,0.265645417090784,0.284957885964434,0.273719649115221,0.289180193418118,0.304904671028778,0.295495365024003,0.285635372353685,0.30111893797904,0.288431618996538,0.290457710665103,0.315279824049504,0.279660301208459,0.310193302776858,0.292269230389255,0.317858769679467,0.303732965868169,0.281246714262989,0.282497879849724,0.347262507072099,0.282784142757405,0.28216002353827,0.280917044569443,0.306261829668593,0.312681609738514,0.261812009465961,0.293645660042294,0.268924096770649,0.329133189342182,0.338269673651145,0.282728829757416,0.342522196147193,0.298823388300512,0.248323771358181,0.28804734191713,0.30018688419701,0.304994974415911,0.298985997631737,0.290706791329964,0.282399760239798,0.260894438074269,0.307429951888786,0.322319307274218,0.293773193075712,0.281259094959159,0.344215155399437,0.298686422343465,0.273861171456466,0.313265116349277,0.293769615037509,0.314556544418985,0.327827687702258,0.328510906565998,0.325927964646971,0.345386539571901,0.32013334594521,0.331902761944948,0.290923890661819,0.29362482995815,0.32261954994164,0.279658289179571,0.326232178796386,0.289371579844155,0.310023441822412,0.323881309682478,0.326411011869424,0.300669643864899,0.299957891740956,0.261190395527389,0.272201128917539,0.305432832301104,0.33262901788087,0.310867921936387,0.281602595594513,0.314704695164714,0.305346385155858,0.333616573938923
"CD56dim natural killer cell",0.20906748907208,0.213980346758787,0.211396783918551,0.200725140793519,0.230869241789187,0.200865195082354,0.22828878262974,0.236292310986227,0.228974893756145,0.204186459607405,0.221963317266633,0.204610194779232,0.227618004727018,0.212860919509126,0.225765702465102,0.229505214694456,0.232203285404169,0.253131194569763,0.209684514907153,0.214623338693027,0.252688696147291,0.244183288909134,0.219571265285264,0.230731998819787,0.197174414027192,0.214826161026692,0.188622498995864,0.195448357781323,0.221322726520572,0.188508335116317,0.235774669058661,0.201677138327598,0.219125252753914,0.228684766983018,0.217797587519895,0.205182389728641,0.189977966890569,0.203335580938496,0.211607732049086,0.197905233985874,0.255682749110492,0.192508047766754,0.223083009209135,0.231342727260564,0.196068034077837,0.172544562699085,0.23661480690016,0.195412231891418,0.222336201904017,0.201791674929254,0.209680882589654,0.206388959885809,0.191059415862799,0.195323113459855,0.203453440158859,0.237382837938978,0.195433285811167,0.219274198184057,0.220614821957257,0.193683133252769,0.190562945356269,0.21345845256567,0.192421994491689,0.184621835383961,0.237692589195701,0.20482256553371,0.209643121560941,0.200583089939207,0.159129101185606,0.191187214340725,0.198734206161522,0.186946455338111,0.201052484537094,0.157439609401667,0.198388602590986,0.189379338530608,0.223142535963437,0.182638431195103,0.16854845098977,0.196959443417067,0.244980396004692,0.186010667096966,0.194762671755536,0.203225244474735,0.172127662580563,0.199704860229526,0.213788841680086,0.199686809642683,0.212641997812988,0.228874559735094,0.163754138359623,0.203269136017127,0.229239265111069,0.193978614937003,0.190100916662244,0.234183325716176,0.172334444453512,0.200570586276862,0.224238390028276,0.184021367029162,0.179831432906371,0.218888277682826,0.192583005715024,0.218932298986743,0.239142707092224,0.180227018349218,0.186219903902103,0.151594130962556,0.141357390040064,0.226299773246426,0.224048434193898,0.227947278864378,0.173167853729581,0.179501833546844,0.152453114933191,0.152011235719607,0.208254517412255,0.208069996289952,0.159406188416552,0.150697306496472,0.202061484043392,0.18202910492801,0.273186767363724,0.19793979872561,0.210173876163027,0.2012908917432,0.203907788540018,0.172395315160119,0.208732857149459,0.151037080780199,0.222024916640638,0.224075037000585,0.169320302897899,0.194558872528876,0.235086759681661,0.227130195126295,0.190359677072203,0.183867032571502,0.159197718783484,0.250656034603298,0.185226524082398
"Central memory CD4 T cell",0.400211117351115,0.437532380925301,0.419225506872281,0.417051310100725,0.44809070654517,0.45724000264075,0.447034749154833,0.477571607766447,0.456972607273523,0.462147974174782,0.437209196434254,0.430454522958854,0.427932877198852,0.446046339290897,0.438636670097832,0.427815125913342,0.423276110000396,0.453889030147127,0.434629583838655,0.428118014846764,0.441029058583497,0.435270667832046,0.444643969302619,0.455625773151244,0.447867501915899,0.40996628324045,0.434111789776651,0.461660972462882,0.434632149389316,0.394217229262468,0.408603934220431,0.444289530223833,0.426104108807804,0.436887387791476,0.448283758187044,0.437234304379005,0.435918918882,0.441255514352135,0.428307268421712,0.433041263007795,0.441410728338563,0.433987871650567,0.467740931975168,0.438083673012225,0.473972662531987,0.434919038390026,0.443604123657122,0.470822999095704,0.429359811327342,0.440575486638931,0.46407986067155,0.431918897323367,0.463057193525203,0.446429121712797,0.461992547429373,0.439999454031018,0.43332345089789,0.462872873131415,0.458070009908291,0.45822667487601,0.444709306267496,0.453787808904442,0.422743739143061,0.43911392166932,0.46154389427678,0.448569881351714,0.421778308895819,0.445320377403487,0.438068704112626,0.457272185756594,0.434877417893745,0.455782852146199,0.415235211811424,0.417231528037985,0.424905948836181,0.447724541114458,0.43581408024093,0.409349289778767,0.471097874164466,0.431141898184271,0.39800194711504,0.402239804757607,0.43229786972902,0.430002292097922,0.435118575185807,0.453362487077554,0.42215978212219,0.43761094427857,0.424116555610579,0.402483284594571,0.430330954634155,0.442545271575786,0.436920040560585,0.459762333087273,0.448085604291073,0.482402725380219,0.421154636957239,0.4334202174192,0.45950799899311,0.433302491641494,0.452764790291451,0.418736463430765,0.422282426010184,0.441175155306578,0.405106400554213,0.433528270071854,0.417766927350073,0.413375627237308,0.415080473460543,0.415149063692779,0.455479598114562,0.453809950219441,0.424281980503263,0.451495942214677,0.425365371920178,0.445142500828941,0.44428966416178,0.454291574150423,0.41444237791765,0.419643423346192,0.418793653400701,0.440043440176462,0.431440062116295,0.424044922185215,0.436026528681797,0.419592179705772,0.448020983281163,0.432865721786832,0.437140419604413,0.403895654940933,0.423970570921123,0.429921931297365,0.422537353613443,0.435511355908933,0.430779744140549,0.428377067022209,0.439328460659983,0.446988228373339,0.427993369334598,0.447217949751546,0.412418893598605
"Central memory CD8 T cell",0.169387869206886,0.225850444799769,0.228499604178347,0.215684895598839,0.254534666582446,0.218693477432279,0.23410035995438,0.263861666725444,0.213326261062468,0.217048290973732,0.231781534658813,0.248299578531998,0.224795597732835,0.224921251963221,0.216598741676229,0.178207772505697,0.218412930945715,0.171348054022745,0.234985554696121,0.199017114591138,0.202632060335058,0.205623155134838,0.230635886685367,0.208985064793915,0.219915958066677,0.228281468714551,0.225172273036288,0.292886274420281,0.221158319953639,0.236927332767433,0.202124775340106,0.228492506489992,0.23963147140361,0.23550583884937,0.221556163842793,0.235135488222554,0.236430389607701,0.243435416421125,0.235785231687929,0.240754825815883,0.236582966474203,0.22949176074378,0.238380454199942,0.253248428093362,0.214115171329996,0.216435933860324,0.214089400349438,0.235895624074625,0.269576183190259,0.233588938787716,0.252973652602403,0.260231471514055,0.188645953677343,0.229997748724559,0.246841730290842,0.246873133255982,0.214403475489932,0.293070252847745,0.277433339098514,0.256057086696973,0.242354937346879,0.262282656012293,0.198533169903064,0.221345552134997,0.206249729916089,0.227017342497131,0.257106817100045,0.208199864100747,0.213209987480221,0.213679196789495,0.205048499050235,0.24444581104494,0.239485491170363,0.273967704017917,0.204950457405685,0.244771677091114,0.264260922533769,0.229277496649188,0.241224898035048,0.196230304500447,0.268256270409933,0.286162129264806,0.242298686504754,0.202566262506782,0.251662880597915,0.216688792845397,0.244070059219957,0.245133826674833,0.269822955876836,0.246263584440039,0.201809223896513,0.240896018492266,0.199726799557977,0.217106940539318,0.299861208474972,0.257790664497474,0.209948238592631,0.211668481078669,0.252275221809103,0.223436055920406,0.229266237111792,0.231553592732757,0.216814924077982,0.217657797341477,0.171957192859463,0.205999336563267,0.211336942424448,0.241705705976578,0.248412782808433,0.243924477742462,0.185536131308145,0.19750628511317,0.210732566252553,0.223914625569095,0.208066694103884,0.221826042525446,0.272127567765445,0.188384421447203,0.234638199758008,0.210965070345816,0.177296043319742,0.224799832146365,0.215497800807898,0.174603796534523,0.20591183683088,0.225608781733545,0.196475519970087,0.182973544520445,0.253097319560697,0.210649722609953,0.17708298748812,0.229206188599411,0.203848380411299,0.269881593752973,0.262187303600729,0.236771924834214,0.219091939464211,0.223012964686171,0.183558609966438,0.227549590070586,0.272071343109552
"Effector memeory CD4 T cell",0.0487347465060384,-0.018380706056945,0.0183514530567742,0.0201161387154728,0.0159033680739238,0.0108865917472399,0.00331331803126917,-0.0298229194837699,-0.0277709591503106,-0.0148467381870192,-0.016295505911108,0.00173248914049304,0.0224094275289207,-0.0210857344955285,-0.0076656554523125,-0.00969078190658543,0.0380172944531101,-0.0290206312702644,-0.00752784863545173,0.00539801212036833,-0.0216716234485459,-0.0149779446634888,0.00828502649381802,0.00186052736707179,-0.0151602316588432,-0.00621019123406715,-0.00440745179436479,0.00607571780859366,-0.014002144202827,0.0245119345377304,0.00897249856264389,0.0590223861782737,0.0187464577154592,-0.00138027963732028,0.0103276754926933,-0.00505045759754269,0.0375766182698438,0.0220626725184759,0.0573971772778254,-0.01236345814496,-0.033048343269947,0.00723606553937179,0.00673418753366033,0.00463729867434644,0.00171577453602866,0.027463404679769,0.0398358766317455,0.0399718586995495,-0.000137595128259321,0.00334945405283175,-0.0357199808591235,0.0229382216614916,0.0361235712692715,0.0294478173419328,0.00977626083475235,-0.0179250866539717,0.00659756397355717,0.0268832880592753,0.00268431013444778,-0.00339955759836554,0.0125759099367558,0.0126936284716772,-0.0133895929253223,0.00209676267426964,0.0135758377484929,0.00521234450908514,0.0166193406258728,0.0346985209877846,0.000974152637984288,0.0546228717061351,0.00225833491694856,-0.0183432923110126,0.00314181263135029,0.00569118124401152,-0.0325119675410762,0.000459116751731114,-0.0213938153307507,0.0222113031999293,-0.0334480883705764,-0.00521850717225147,-0.00447341905817038,-0.00776023563061789,-0.00330886795570014,0.0586289269756665,-0.00779186640827729,-0.0373079811990822,-0.0225894326933703,-0.00163510291118278,-0.0376435887710846,0.0175817683901059,0.0747008979332132,0.00270201192569972,-0.0316179920158916,-0.00613195701439279,0.00798505173389321,0.00314815137369599,0.0219183087342796,-0.0240036971270464,0.0128025752523656,-0.0238405540793612,0.0105113492666541,0.00836356877580065,0.00303882471672072,-0.00926770613368546,-0.0284902818144023,0.0242441222860287,0.0285162279066391,-0.00386678275763772,0.0282297989412874,0.0495791667692225,0.0369032106700732,0.0414233670623744,0.00986072991099519,0.042318498773018,0.0310368203990291,-0.00438695512615737,0.0577313186183434,0.0655967972932755,-0.022966570279177,0.0465760057181513,0.00201450345833372,0.0172205179472917,0.0305200179128793,0.0379008567676328,0.0363601394447746,0.0392153911352007,0.0331084823788702,0.038848660799006,0.0451397525877435,-0.00176230854315471,0.0088242412934894,0.0441528995078717,0.0124092544238285,0.0221016020879095,-0.00337082225143134,0.0299719764554055,0.0437798687733551,-0.0147806246739191,0.0339764292092147,0.0331385826547517,0.064986424990719
"Effector memeory CD8 T cell",0.230177116135055,0.24648460601588,0.280371038284181,0.260820036675364,0.28169206910404,0.264407092327689,0.25423523006742,0.290272867448432,0.220159337781483,0.305259058104807,0.265771722181844,0.251852550448815,0.254148270555776,0.273924182117946,0.264398582585292,0.268683167698524,0.250803762829661,0.226931480053824,0.249216357242426,0.239258086761179,0.22919298319442,0.272467595125611,0.235055341432715,0.255561319581064,0.240727925225364,0.256267918725975,0.270765571978862,0.274132164780443,0.24358039408479,0.234963197392547,0.205388097745374,0.258876347876123,0.249318116820718,0.271212473581217,0.199155159591213,0.260627841104842,0.268229709435489,0.224328423080443,0.228017005485083,0.270952724962775,0.222156519471198,0.295361908646693,0.252100248713492,0.214388125485055,0.324267385005106,0.234526130143097,0.25666390697506,0.274246716749125,0.288426145496145,0.28809947370214,0.267485311782537,0.277880434292901,0.217324932985186,0.26724289908171,0.273063520856724,0.307875912390182,0.297330218951851,0.308968452149058,0.291073900561396,0.271629006754641,0.273526376890828,0.318239011842362,0.290271410590599,0.26085509542039,0.233121720515251,0.259445656956568,0.248886510092732,0.243725301118419,0.228532730398989,0.27214119300796,0.256751356596001,0.259257088107358,0.279716761438432,0.224018082842897,0.261289191505741,0.215319272282843,0.246015278749376,0.266932104474201,0.23605740202689,0.245213326778743,0.263940509091674,0.289738437492575,0.269619108643599,0.26002226675472,0.260325872695213,0.281183167012944,0.240755237196641,0.257338750855693,0.23849819686874,0.170217762985136,0.251335073113549,0.241386438641156,0.220077220338854,0.255003244164588,0.298076731907142,0.286777398126256,0.273866249815181,0.269934128274951,0.251990329221948,0.205434607153849,0.300907689288174,0.221989847166282,0.227391481370948,0.244098530198598,0.234399443887634,0.254263910100038,0.252848586770486,0.247338583431614,0.229729402213324,0.225214613237397,0.242418639941829,0.262566952641713,0.266312809369652,0.249597764540626,0.266123605729119,0.298305815900183,0.268417326997643,0.260790448971642,0.242638327203003,0.269386521512463,0.235708744020571,0.23468439945929,0.270139259741485,0.200364336930092,0.206818169253387,0.238288421331586,0.20269863622194,0.257356411325001,0.231446112220937,0.208813231175037,0.223418524133285,0.25434874726349,0.264865198085359,0.245030106782846,0.238445490354592,0.243127411707611,0.254923455340308,0.259913920409802,0.253165374074883,0.255710857808823,0.221102340898554
"Eosinophil",-0.343745761124321,-0.347523433939985,-0.301794021015672,-0.355872550270914,-0.305478670636317,-0.334581126640356,-0.371085937323904,-0.309323723489274,-0.337076838018133,-0.267145681909154,-0.34728433272055,-0.366558361706971,-0.357772399227057,-0.288532288937261,-0.370464995461892,-0.335092330576717,-0.42129434671078,-0.346353430374923,-0.340713264531001,-0.37240041090046,-0.370008841396476,-0.370321286003873,-0.377227666016083,-0.36849025353764,-0.322472204160547,-0.343115797954055,-0.306684830363563,-0.313138171900358,-0.385512528731879,-0.325235544016211,-0.307608962307136,-0.260664887515443,-0.366691145490577,-0.324485114980002,-0.385808822283258,-0.319182384587583,-0.342207200120102,-0.341569444362491,-0.33235637395401,-0.283766256447384,-0.440868558055851,-0.358318758429311,-0.372687945470301,-0.37255471016831,-0.330384359905632,-0.253124793480152,-0.293002287944419,-0.293799743714475,-0.363529276631151,-0.320997751087842,-0.314627754773296,-0.271153754297635,-0.288611901817789,-0.249375150533725,-0.316377025856385,-0.351700371518463,-0.293879534837205,-0.273665975747116,-0.336502382273669,-0.280378897057864,-0.385917479939524,-0.331991600177089,-0.27439111205319,-0.371595751465977,-0.346728430717862,-0.388968780057215,-0.318349072167977,-0.448334734508773,-0.467897525893758,-0.35533801849367,-0.398812754890662,-0.365539648726589,-0.345164618111038,-0.375787477337015,-0.286496309382307,-0.282410681823916,-0.38386293099032,-0.419620939863175,-0.31003393764127,-0.326541347879758,-0.377252054124579,-0.246703476606547,-0.362614942901232,-0.374755856413909,-0.283870539880986,-0.407270824366676,-0.353160188641469,-0.431671352637821,-0.376904177553363,-0.425957821487144,-0.358129252585271,-0.455265221537916,-0.360371706658248,-0.337115200708319,-0.435487174571688,-0.460777632768114,-0.298275528732673,-0.333151215575437,-0.358671861636584,-0.517597274619781,-0.375757123978275,-0.442674109104874,-0.379085573049683,-0.36809025732119,-0.3226999696938,-0.406626022851612,-0.377998036463119,-0.429421059673251,-0.370445358522138,-0.387213967029021,-0.312224077547139,-0.336281552993288,-0.461396723636313,-0.359916168057421,-0.394544859192173,-0.362628179883015,-0.355219013598813,-0.387260258496768,-0.341429958128408,-0.475019122355122,-0.364665009812682,-0.418815771602281,-0.385360035421785,-0.356369890940739,-0.384037439408641,-0.331369902857401,-0.44104857250476,-0.357270696959782,-0.422143556434702,-0.423884384272307,-0.385931589398054,-0.351658177445482,-0.409078929056232,-0.355466759866386,-0.417776745398958,-0.354909829151186,-0.409897034990773,-0.371888805329267,-0.380624463722144,-0.337797990218171,-0.432837911355672
"Gamma delta T cell",0.245938871005842,0.232264613009949,0.236028856667735,0.252908880429718,0.275245761997961,0.218785110411482,0.234844307488002,0.30245314171734,0.250018196384786,0.310218453091975,0.254088283736025,0.242469918217508,0.248057666045251,0.225173154533432,0.253222290023375,0.223581406059023,0.239644518229596,0.233537281595776,0.249535624276343,0.253665374633503,0.208677521152462,0.214540465675247,0.229540600450919,0.24456187797156,0.242164435018796,0.254722358845724,0.254539219385972,0.274317991722067,0.25378041584067,0.238942837944907,0.226209776808857,0.256267760391248,0.239581096414976,0.227303101892383,0.252642659330037,0.243179855264065,0.241343145677362,0.250862673101443,0.216093881408243,0.24665007894115,0.220618656459912,0.292008500053299,0.304789061832732,0.28208804923307,0.296943260103546,0.236895582753142,0.277224327611574,0.277865522690222,0.282065234882881,0.327209266399707,0.284781397658119,0.255483945807779,0.263877119583943,0.292428733154005,0.279897707838958,0.303496070721138,0.265421724347519,0.347810934643264,0.27051404486549,0.282774507837476,0.253585268621407,0.325658468456951,0.210336440056582,0.254625011171537,0.289395168351087,0.250266787200921,0.250189031648876,0.285634989510259,0.254281430085161,0.239328401992779,0.252553906360053,0.265739921907409,0.297102588649277,0.250976508712604,0.276483934445049,0.247303721843411,0.266743152397729,0.271816448391068,0.268031582953987,0.297695757028874,0.244648913782735,0.268208929707878,0.212050536009595,0.24157808989678,0.275524774279549,0.287058679966952,0.275485629367058,0.282356269642826,0.314608330240317,0.241301796475898,0.284525310041253,0.217552832656872,0.303663912317985,0.25056279443768,0.260961256749617,0.243265468743041,0.26426806319612,0.270886340258498,0.274340763843414,0.270808258105393,0.273342968106187,0.280871293995624,0.268733424165811,0.279428254736102,0.225586010928135,0.290067350753647,0.306375322407163,0.266213496280369,0.261717128582094,0.255419909776636,0.290742693987087,0.260224038460002,0.269247486825275,0.262676112781543,0.302036348651467,0.254365943947493,0.333989907268485,0.262973694264759,0.25093786889321,0.253364886641894,0.272720954012168,0.25736595906935,0.21017512801511,0.269718623887662,0.285656434737789,0.253080042075187,0.309211107910723,0.282036506927838,0.269736145785864,0.291452608934967,0.319685203830254,0.242221226993734,0.260065657265965,0.232230570689282,0.294482367346454,0.256354975277322,0.315880527168633,0.279344864588548,0.304030904289979,0.287380803852537,0.337059709573615
"Immature  B cell",-0.101834784223362,-0.0258875614364935,-0.167255659464396,-0.0517642114545462,-0.042938991090263,-0.0681886451039759,-0.157585621384203,-0.11476305400725,-0.0500235610681723,-0.014875566857212,-0.10917396731309,-0.0859005305842729,-0.153694944929418,-0.0715692277424806,-0.10252123972374,-0.0879189208627714,-0.0334591522433706,-0.148151145697012,-0.104351572599156,-0.0913260481140245,-0.201361223130126,-0.0541958256451367,-0.175087452799092,-0.161439593405405,-0.0583591669470698,-0.0485844733399364,-0.116903537776045,-0.0734535279036368,-0.158387970660533,-0.0906665758331023,-0.0503215317309616,-0.0400533693316829,-0.134609779677337,-0.0980957408299715,-0.125887675080203,-0.0916209867746514,-0.0833505193869957,-0.106613665796814,-0.160058587749121,-0.0607385751902098,-0.0668624381884804,-0.00516928987253578,-0.0527729955557368,-0.0320310510038114,-0.0942271498751005,-0.111556253921905,-0.0166568404247189,0.019712674324901,-0.12848810139321,-0.0886285095103351,-0.140051901654604,-0.0200233480823086,-0.0722711580167529,-0.0412497371170409,-0.155169567372243,-0.12993093050859,-0.0473384439186059,-0.0662143102498843,-0.0541004046961279,-0.0224619212553732,-0.0993573730932747,-0.0290386435210401,-0.142784634216134,-0.0424144483818596,-0.12977161180013,-0.0276117730778145,-0.10116954893276,-0.0549788520868204,-0.155018880199708,-0.144004231641863,-0.150134115103414,-0.0179989561867806,-0.0405388216645613,-0.183526203619814,-0.101354612171173,-0.0171427073387992,-0.120894098206575,-0.0519349679746827,-0.0626494952143035,-0.138223947303172,-0.117325624850202,-0.00446413487461232,-0.0470466824348963,-0.0563016134213946,-0.00355916569259069,-0.105961959489216,-0.0377543501769767,-0.0491221760753294,-0.202966407787947,-0.0914427010653159,-0.008532427002372,-0.104485968443094,-0.165646372428121,-0.128550230100842,-0.114156088109612,-0.0077257935125486,-0.101196382698286,-0.0663539007797686,-0.0921317414187677,-0.0904992620792614,-0.0196913941296474,-0.197817562224201,-0.0740256270315916,-0.0929736219856427,-0.12552342253667,-0.0592245867902001,-0.0696917002342627,-0.104731364012942,-0.0840802968169101,-0.118071901852886,-0.0838431418135457,-0.114237069097418,-0.115164993920743,-0.109605200488886,-0.143928725569813,-0.142305553668539,0.0242440698177871,-0.13618780332873,-0.0363559726525431,-0.131931436036458,-0.0856259465045504,-0.138836432390697,-0.0534202821191582,-0.123843267026838,-0.0981548390627632,-0.131257736449707,-0.182143870128037,0.0135774769628102,-0.0422783109724542,-0.150207781361927,-0.117281328077912,-0.0633856192719138,-0.0704189928906736,-0.0814682832673874,-0.0822615342484755,-0.116309421795956,-0.0779134910860579,-0.122112168712952,-0.142367326894342,-0.126219961339988,-0.109150964770024
"Immature dendritic cell",0.357136768898712,0.400707996210891,0.394191945906114,0.404445394643807,0.427841505250351,0.40042276822754,0.398362068299413,0.412186894617997,0.399400762812514,0.399763555006843,0.405857133722501,0.399017360239895,0.391403249172131,0.391752866353477,0.388901659005904,0.394608154032484,0.367746809856246,0.393289260988366,0.409501921856113,0.390329144899128,0.411384899359191,0.40078120636256,0.406862556864798,0.422546244599198,0.41405154247038,0.390424456452754,0.387059017703726,0.395514640703015,0.390537426095757,0.406916696539734,0.408123069993534,0.415911944531097,0.382890446871899,0.399700470608479,0.373584830302328,0.382775318200291,0.371580147618472,0.352763738266845,0.332540974863686,0.365043694588709,0.417463612044386,0.375267311961926,0.382869555930232,0.339750161609393,0.380987995774848,0.378964701886964,0.376117663899306,0.34028168439341,0.358230217757259,0.361904629110458,0.378102047051841,0.364938852925228,0.36315056311762,0.39220993282125,0.415488836442047,0.384132621095217,0.365621963876849,0.382653484876219,0.388654061709254,0.387533812016912,0.384527789963904,0.416727448141944,0.375183506364517,0.35490242797153,0.365031434930831,0.369700476240777,0.40229835824125,0.360305602084893,0.338138480827215,0.376892524284661,0.394424108006322,0.372383018486265,0.390673755022724,0.395221405149674,0.40311364848544,0.378113371772136,0.414568374771821,0.361572948224773,0.423755424523195,0.40657113580477,0.421502100332295,0.39363377866908,0.337881747347941,0.400225416437547,0.423784795209364,0.373526312966637,0.399515441227913,0.371954224214981,0.431803069856783,0.375595986485739,0.402088455548726,0.35541186582823,0.360373775469804,0.39014387783276,0.377951346920832,0.404213446796197,0.384720306376816,0.381705257176907,0.417452033311651,0.332144012410942,0.357538500243309,0.394186219876361,0.376794636028109,0.376750140764421,0.371846690360685,0.346889626104084,0.340220250182228,0.349408847288273,0.314826005676247,0.394059869559343,0.351000548210536,0.380691448219333,0.36487726821173,0.36972678286045,0.380856443562208,0.37413779013213,0.383609265449577,0.38293642924993,0.349418106762959,0.381474859194319,0.338971879534902,0.35115390065546,0.361435248773932,0.382409215384526,0.358432442565028,0.369495783634554,0.403850560456127,0.355876538223558,0.375005854773082,0.34619916550873,0.378399929405058,0.367038138862726,0.349296244794314,0.358512091212759,0.340389011576624,0.406389781379816,0.375894415054536,0.33843638616011,0.331938913402698,0.343162725360938,0.364551438610562
"Macrophage",-0.168479190120521,-0.109040429958146,-0.2062410879354,-0.179304503111306,-0.137149885400163,-0.165196993451861,-0.173958523906735,-0.110196713967725,-0.144326057098063,-0.151018765060914,-0.173773842834804,-0.182167332562191,-0.161990959878472,-0.166849181824401,-0.162484272444015,-0.174718757127378,-0.133108305365099,-0.170594830389615,-0.181563575959983,-0.202283778429871,-0.177344286991459,-0.180186513949805,-0.156198205284696,-0.189291963908353,-0.172231020354392,-0.19530413589772,-0.172802974247776,-0.129503318972309,-0.16014793365733,-0.162549120429845,-0.12163384951021,-0.147772205412112,-0.162146407720053,-0.175669381499239,-0.188775885766136,-0.165788678296581,-0.167930832297034,-0.170910631373096,-0.197031590398157,-0.156173014992876,-0.174600583638583,-0.165454304209638,-0.164712188059231,-0.150869082150686,-0.0995676694189642,-0.171914569668973,-0.179896622245538,-0.142801362698532,-0.113107286030211,-0.102503822770704,-0.128731220568131,-0.169447835704408,-0.166247342915287,-0.147338090181802,-0.161254022949693,-0.104615999349776,-0.141291105321113,-0.0691466649139735,-0.134575466243456,-0.142402342995105,-0.138280712311992,-0.0582131278986765,-0.168936670944089,-0.158921553466644,-0.149231653926601,-0.166722613324146,-0.142873474562539,-0.150326409682777,-0.172662959557814,-0.15003413543611,-0.144589351315246,-0.142872438589048,-0.163881023297762,-0.154370316963664,-0.152155833763515,-0.130850296405499,-0.12719796886582,-0.153356230499079,-0.12008367178078,-0.154079148830875,-0.170004003725862,-0.14400935629804,-0.174108118813616,-0.140828353095234,-0.151125566328048,-0.131854674801063,-0.152702226878919,-0.147944824596174,-0.111108077742706,-0.195069774349643,-0.125368997638874,-0.187418213216935,-0.141344862049645,-0.155912563568521,-0.0882143686538477,-0.145864184128081,-0.151301424675783,-0.153500624447795,-0.136823400527842,-0.152910190374302,-0.114294084582508,-0.161753215338453,-0.143744493055365,-0.148480347074677,-0.13463569292276,-0.147320234028308,-0.147420550726719,-0.185048645819154,-0.14593395480268,-0.107293314984068,-0.151331569046579,-0.17765361201009,-0.1687780396227,-0.164878048325286,-0.164283843587939,-0.129469270201246,-0.103012659676137,-0.161068969479112,-0.132168367732949,-0.113408958626741,-0.174426789952588,-0.130715193072311,-0.226269561009438,-0.188343499331591,-0.126784319417168,-0.130840792008051,-0.12934752532865,-0.18574412181952,-0.172292954878561,-0.159844904957609,-0.195883615609697,-0.144073412353974,-0.153873059616391,-0.16142709059414,-0.136886711219564,-0.12540075667872,-0.123518549826834,-0.139883815715181,-0.167456162490948,-0.158332866841991,-0.121731518029275
"Mast cell",-0.0894641670413762,-0.00655238275204735,-0.029712775138236,-0.066093856421742,-0.100770505871292,-0.0722458429688382,-0.0159432844223227,-0.0886958073772386,-0.0649859960876964,0.0144059706552945,-0.0531179566505576,-0.0100404943842101,-0.0660019615559354,-0.0217486075928428,-0.056922961889689,-0.126286832917333,-0.0569924666229742,-0.0746341578587945,-0.0328553553777562,-0.00251744224700596,-0.0616994464386145,-0.0770560555704065,-0.0326044840282374,-0.103232509048916,-0.0658789049936507,-0.0604604864056841,-0.0306332520885603,-0.0231177487842384,-0.0581080881972058,0.0215349700893546,-0.0385745400129456,0.0257268775840197,-0.0867158696658928,-0.0512053928668807,-0.0306621443018957,-0.0490477375010302,-0.055714681225776,-0.0258160626275284,0.0281134381252916,-0.0375162360629111,-0.134036075054812,-0.0778896638938643,-0.0458478083903667,0.00354772732778649,-0.0526091607258001,-0.0491757474106582,0.0296117426079075,-0.0447926649623911,-0.00165947553597851,-0.0583642927372886,-0.0204271527517156,-0.00626388746604333,0.0985963034069667,-0.0475795594933948,-0.00291253078135831,-0.118226691474973,-0.0153961545728577,0.0331299401957208,-0.0887884956473735,-0.0638532547171362,-0.0782760475393767,-0.0461175212350521,-0.137822063139059,-0.0370336722338741,0.00464777960038417,-0.0767475773922848,-0.0026995205048857,-0.100102651490622,-0.0341631517388979,-0.0694739768407396,-0.076960991442898,-0.0630768234886888,-0.0233806847128759,-0.0313725160197772,0.0170722010757649,-0.0106465099173696,-0.043361864138539,0.0124194652174356,-0.0911746253759659,0.0265534058285075,-0.126847224006548,-0.0140550556108644,-0.0776616397418925,-0.0657728093894909,-0.0253550561335775,-0.0818405601052243,-0.0910805539160726,-0.0782121981499721,0.0208655888311934,-0.0522178946436491,-0.100987926523318,-0.0929632582744528,-0.065029828393526,-0.0221533497854956,-0.118615779835319,-0.132263637991897,-0.112190722942244,-0.0057630233563367,-0.0189894409124607,-0.110481663666409,-0.0587373316378375,-0.184940050388203,-0.0864792997316331,-0.0523138211089294,-0.0528902401090883,-0.0579487435413455,-0.0370873567695783,0.0534385015828967,-0.0476105981690291,-0.0117118134595608,-0.0838560435788523,-0.109288886337225,-0.0499966433758388,-0.0322280744533316,-0.0457874075170494,-0.0978328136292202,-0.0465131050311612,-0.0668665747120099,-0.118779879077316,-0.0765402977906252,0.00879824635906973,-0.0961825633889526,-0.0695554268434026,-0.0845554025493625,0.0239539733333518,-0.022822034979587,-0.0339483461137323,-0.00563774177574021,-0.0184734012703824,0.00209190559267119,0.00800483801329981,-0.0610330212083718,-0.0754286168982371,-0.0903471107057027,-0.0317638555843288,-0.0224021297392926,-0.0744916442514164,-0.0623223002699135,-0.0963583823720661,-0.130734488633476,-0.108631288723004
"MDSC",0.202822392634992,0.232467722226839,0.223571232188012,0.228223660014274,0.271484163681735,0.289689267156016,0.21928032959529,0.308160465119428,0.258073729195037,0.276560226645362,0.250386722598253,0.233195725130125,0.236159240002863,0.261444746428629,0.224824640562945,0.241577316070559,0.257177521975127,0.220853168131702,0.226409985717509,0.234645587693648,0.216027211462507,0.227079652973313,0.26724929928432,0.22042808282891,0.275608490088641,0.211665289997684,0.247003357798353,0.339250791627549,0.185264546132451,0.233151404664463,0.227620978317049,0.260200222000029,0.233827866441975,0.243607053543012,0.197137710070141,0.268863966543287,0.279062398278779,0.247270761853818,0.211246979618565,0.299422975804866,0.20722346519297,0.280139655618093,0.269139255434079,0.27483176077296,0.336406914288967,0.259528201856678,0.261511722498608,0.298936769585685,0.287697710179294,0.261859757319497,0.275712802199644,0.268310387800904,0.251142092701384,0.284261932108464,0.288490843909789,0.291266850759987,0.272311302150714,0.351787895524235,0.296989008858149,0.330158957571395,0.305036399597872,0.332796662023717,0.241764238849831,0.252749762926237,0.259537680479661,0.238088559351922,0.271481516547352,0.222994030210878,0.215169328702045,0.263545590853552,0.191935665062143,0.249777908516323,0.237380146875115,0.270483643905986,0.275113752669793,0.261688249513906,0.210106775038517,0.251507707765455,0.300319791525,0.227639756744044,0.210763238010802,0.236684822745725,0.224237341719973,0.192818523968065,0.271569289156937,0.262241010325076,0.223905271580098,0.227442214406118,0.247260911252213,0.231522636396212,0.222282381590604,0.220649265924352,0.219718645205048,0.233506634542582,0.312126704249827,0.262070048323961,0.24742992349091,0.268488318747603,0.272476088685819,0.194173112751289,0.294116564956438,0.223966074526245,0.264094639127373,0.25981117334201,0.217455181365187,0.224497983870845,0.238721512812381,0.245182147443501,0.256203945316508,0.26296826877426,0.261528886453462,0.282364686917437,0.207289972938105,0.276977894822588,0.261053142286423,0.220321696871755,0.34895299492157,0.266398212617749,0.234601744413215,0.210895871745256,0.200064964627328,0.236638941818451,0.230842283342495,0.215586024422369,0.295026411009329,0.254985009416322,0.247424652317129,0.271529892923275,0.200154503141041,0.209481411461017,0.22652223514395,0.236595746883644,0.259654374930394,0.232775403588475,0.227485000888535,0.256999522539657,0.269537544299532,0.295625531540313,0.261240748332771,0.256640415800736,0.255306484839738
"Memory B cell",0.021903235803332,-0.0453220173231807,-0.00297071847718557,-0.0355763402780453,-0.0134980752039885,-0.0193400363456405,-0.00933772033317567,-0.0266105023313905,-0.0114510380844062,0.0234857171050378,-0.0110188746744424,0.00761236153011025,-0.00753933511232713,-0.0601872792977502,-0.0298668549321226,-0.0835048132370757,0.000316313416602118,-0.0878244777843988,-0.0148921880771056,-0.0108482437932587,-0.0393803475422048,-0.0529631597647793,-0.048520631424106,-0.0523636482474896,-0.0124258324386936,-0.0121244251539291,0.018948643210218,0.0321661015310407,-0.000551743406383436,-0.0249223456391535,-0.0204754225005168,0.021759130897082,-0.0353120632168756,-0.0122535877847334,-0.0700697653397045,-0.000129554199979918,0.0110443521183966,-0.00351694521882483,0.0227270034936173,0.0237291071590416,0.00508784645397498,0.0250521469576247,0.00799291373526537,0.00439328413170768,0.0163776043818862,0.0184991563166948,0.0398208316813164,0.0171506994616837,0.0268641240769597,0.0402920930957594,0.0318519884645419,0.0168971978726357,0.0436162164241997,0.0144900030712245,0.0304841684482596,-0.0254114916708301,0.0192541798824854,0.0584000496583046,0.0268926911506961,0.0168756046555265,-0.00383256177246874,-0.00306304006888986,0.0203976307576517,0.0153935407852653,-0.00332463472703759,0.00406326726210514,-0.0191097984042972,-0.0109191169941606,0.0698604959797438,0.0202255697795096,-0.00737456321640349,-0.00231897344979225,0.0352124069067083,0.00960418961539666,0.0331241920594515,-0.0480494667860644,-0.0102360507021208,-0.00786559114006987,-0.0261961125989792,-0.0204268963830064,0.0392857229698997,0.0364838797496858,0.0402127979237452,0.017084217476091,0.0284145427075427,0.00319524810887506,0.0178790285054702,0.0129974697406808,-0.00321095501800878,0.0354567340031297,0.00952048351797737,0.0310113649732783,-0.00502588917329589,-0.0172597551215543,0.00109157810853963,0.080642600793707,0.011653308676109,-0.0144789800472817,-0.0118380182594629,0.0016586701273198,-0.00795307310499306,0.0137376284840103,0.0466998097258429,0.0315552625413965,0.0397953801227154,0.0219304152393595,0.0353319404164312,0.0372614381732132,0.100451465416838,0.0483845879393538,0.0123935723264852,0.0625173931934085,0.0281740009559702,0.0264459404793735,0.0110304370678435,0.0448404135760129,0.0540460178180078,-0.0455225643991382,0.0328855950401949,-0.0207844077634097,0.0692739274308275,0.0251841534209323,0.0179727402066724,0.0390953950274135,-0.0422335701654971,0.0321930703908943,0.00689021054490766,0.0728445820606635,0.0630021682405134,0.0616278984492861,-0.00862172143052796,0.0195302065856705,0.0713039072605887,0.0306422652397532,0.0405744322630324,0.0283772320555463,-0.0138683176743424,0.024637668319791,-0.00145728111078395,0.030141258556673,0.102817876974335
"Monocyte",0.211452024914317,0.220108629483127,0.235165022766907,0.211752596786991,0.226401981033948,0.240972487643074,0.204213786255543,0.238522166875366,0.225156968140796,0.22873562545234,0.234653912350574,0.233386373156679,0.238943724816382,0.230874203242674,0.21726970926575,0.228934099629184,0.229163526267548,0.240251614567202,0.228041152893425,0.22870284619221,0.240614801072016,0.217335462757043,0.254594456943023,0.232134032118907,0.227520361774112,0.221355308412008,0.213415188210766,0.225634086994996,0.221305829958809,0.226182604572467,0.239371520201761,0.227912383424215,0.208560193883797,0.230053058559291,0.249489976368886,0.22589637708889,0.209055436509641,0.237441517608948,0.226036438485437,0.220695024657705,0.237404609131954,0.233154984234257,0.244173024300938,0.25174122483228,0.245414772746037,0.210595020334765,0.218904361848274,0.218467804700517,0.228937537203397,0.22303764352665,0.225550764718448,0.199963823921359,0.243014275670603,0.225912979661402,0.246685028716785,0.231762709761419,0.235747862243258,0.23537514106752,0.217388669146499,0.216318719824143,0.235148652814228,0.267555576052581,0.229020684225416,0.225423589995844,0.210609037027146,0.220720231067788,0.266002951676081,0.224815050613935,0.186051105726269,0.246733347412972,0.211228027375347,0.245707454232297,0.227401399462101,0.210128732780283,0.238420222083588,0.216912558137376,0.245024650957912,0.196418693408439,0.217855016615112,0.242297268587515,0.255826387542138,0.221323326517916,0.219642907976075,0.23490272601789,0.254269233624582,0.244613742159828,0.20765186839241,0.219593473390618,0.229510247386104,0.270614566428666,0.211201695824155,0.208509271474191,0.215692714890974,0.232382216081705,0.217926625122036,0.21933340402469,0.217765704416571,0.24756273117989,0.218227394854021,0.220161676566178,0.234785263671287,0.215262475367132,0.249428267430229,0.250459190143223,0.255628663441519,0.209833645200897,0.233194190436539,0.229280709940711,0.237573581022553,0.249983025069718,0.239152328703725,0.264115407429478,0.239985409869898,0.245125986428225,0.206728943706055,0.242771023501246,0.239648418141661,0.230705604834906,0.203773292200787,0.235943540568465,0.217249704075311,0.204488879905839,0.229129275758753,0.236953006243338,0.232512299400316,0.255358687731162,0.231476193902301,0.236693316084807,0.227934223041321,0.222345827656783,0.252113314460604,0.230024473318192,0.233188098713405,0.235633575575093,0.23810107566758,0.248836568453742,0.239091520654277,0.227772649289311,0.204800515328462,0.242326894441082,0.217660912226308
"Natural killer cell",0.0357972887008463,0.041496892046986,0.0492174146417618,0.0427932967959019,0.0713571773284376,0.0412808424223276,0.0415880411231404,0.0757743322203995,0.0466273380564937,0.0607997157864824,0.0529587172952059,0.0429954456469721,0.0238523223023096,0.0723465942446584,0.0283980496565591,0.0345079565404715,0.0644050070402238,0.0144314686044564,0.051986499804723,0.0331641069332197,0.0430143794628389,0.0498921431611799,0.0312310991685392,0.0529199603485657,0.0126751407660146,0.0395280808545344,0.0715572786679837,0.0278121461391681,0.033763205362994,0.0355114680043154,0.0491546014421571,0.0540177050865521,0.0373300876713206,0.0382511209433151,0.088772780904245,0.0565413918470594,0.034339661895396,0.0765684461446925,0.0327674455460594,0.0587694953634316,0.0209244262953537,0.0506781874462506,0.0600148268860276,0.0702269514089684,0.0359804188979434,0.0308187919287429,0.0648257058292408,0.0806732845977258,0.0730370847608235,0.0767936106022264,0.0704139116887752,0.0973302587697028,0.057301857054801,0.0968107901615197,0.0312067535076696,0.0681994417171357,0.0501069442806332,0.0926890701136995,0.0486567096693583,0.0568533611168491,0.0685203706997717,0.0840444226198949,0.0439796533384092,0.0690837660879767,0.0427440902918282,0.03700848319287,0.0602844981049465,0.0262063113548926,0.0252394988464583,0.0537667267602935,0.0427747787065893,0.0476669296172238,0.0630415746932262,0.119374248151907,0.0525637347487979,-0.00702492153477745,0.037155944332109,0.0799508048171385,0.0419214300148585,0.0424616346678929,0.0121327157908654,0.0337892288652021,0.0500805224907152,0.0740574978770582,-0.00057527113068628,0.0721744446036797,0.0135421760520273,0.0540639334956665,0.0685847439650175,0.0105414665464128,0.0130821469301386,0.0101162059266805,0.0535040708688757,0.03184352770702,0.0570640265719413,0.050135917588942,0.0516340217148165,0.0727134633054162,0.0505010658845207,0.0199206942429064,0.0722396002871377,0.0411488285579217,0.0433590641057113,0.0552487541096637,0.0483139162385434,0.0202784963306607,0.0405548404852617,0.0418072424401657,0.0614292729091935,0.0844250528914657,0.0584684718427783,0.0539481610582159,0.00716951105815505,0.000676601710866777,0.0346475433501164,0.0532358979496712,0.0719156708811005,0.0521498133669397,0.0260157393819351,0.0576743816983167,0.0202280770163725,0.00258231148487263,0.0486123439103469,0.0067325183480815,0.02779032152583,0.0164782451098637,0.0294102625962501,0.0388639752637929,0.0491945328514777,0.0172808605141665,0.0173868652178589,0.0345575524279668,0.0600065027831174,0.0480646787014688,0.0208212256300321,0.0812764123575634,0.0344224911751541,0.0623942051914873,0.0305666854577042,0.040353547752859,0.0262013973644063
"Natural killer T cell",-0.0186486688010406,0.00522909800968873,-0.0267497908668089,0.00335831359077831,0.0229329264508184,0.00269272084131707,-0.0189015186255665,0.0329252618649617,0.00614771337126562,0.0291324502764786,-0.000217099959388595,0.0193469949199598,-0.00928656999093455,-0.010419086513093,0.00255782273490391,-0.00182496444756497,-0.0444056235941651,0.0357771872176588,-2.6039253451332e-05,-0.000909781676314455,0.0196730138397643,-0.0483216492517314,-0.00233460903975033,0.0136183260577462,0.0295349413247339,0.0119620281324159,0.0290632687848693,0.00922319895178111,0.0118793321791072,0.02584027123396,0.0299371799317733,-0.0156724447559598,-0.0195595451449898,-0.0157698241224619,-0.027656201335783,0.0060830944716931,0.0268398186125048,-0.00414466147423961,-0.00429240392554785,0.0233763957944978,0.0514605092284388,-0.00221827013159709,0.0470675226452845,0.0484356098054435,0.0878232205297093,0.0172424095397387,0.0263019581275567,0.0552031851187,0.0372732962086634,0.0470240273965579,0.0127560471711945,0.0223490269254837,0.0364809474597302,0.0612606765791096,0.0233431309439002,0.0622240900220052,0.0205309597702603,0.101926321512885,0.020134888352131,0.0320706226871004,0.0454493478333335,0.0690394457559164,-0.021602828609604,0.0601789423006243,0.0268589095227221,0.0359117331394813,0.0179367962000625,0.0484273321658251,0.031068143886623,0.0238359919435156,-0.0012046064715989,0.0457247168088499,0.039646537547444,0.0232832490124148,0.0397339946093191,-0.0454735630523266,0.0173238490336301,0.00878322006477984,0.0502305530140149,0.0131057249114322,0.0195122538129652,-0.0169276500801855,0.0116308998580754,0.00384703107352213,-0.00369514604421885,0.0628027173145804,0.0335138865641082,0.0389992496158481,0.076669647035177,0.0304649177082204,0.0197656020468816,0.0185746553124123,0.0475634776275753,0.00264180797815815,0.0317678215988755,0.00726435230681725,-0.0112067173913428,0.053425818196107,0.00859246881185635,0.0375173172382229,0.0657193337948075,0.00601400732799924,0.00660692590125134,0.0375716699235237,0.0202689592110021,0.0586746848144739,0.0658873249151146,0.0151275126648871,0.0773793839860493,0.054512698166923,0.0531619853990339,0.0549229219024305,0.000312587664157222,0.00275368789791629,0.0351315288256842,0.0179035566864744,0.0566299223087438,0.0242351323338697,0.0232608213951065,-0.012730645300874,0.0389178936688062,0.0193149568832068,-0.00831190172614388,0.0430250504594958,0.00263194069208495,0.00617732301504659,-0.00711341789360796,0.0768397061177799,0.0400140073951342,0.00784122789559633,0.0380187554066826,0.038657593298365,0.0374080452823317,0.0166056506347567,0.0531048473306307,0.0371716841423921,0.0418645655394545,0.0614572714524842,0.0305224877714604,0.0476957814355516,0.0838796565866317
"Neutrophil",-0.272711450641537,-0.181855811127531,-0.184510057807064,-0.16399524111216,-0.177654422506896,-0.224212628149608,-0.229991934222929,-0.190960729295315,-0.170662293703158,-0.132683532679714,-0.222918420676076,-0.239185830444023,-0.277509061306053,-0.148659340088438,-0.250140547898359,-0.188504454625562,-0.190797978155615,-0.216315819274583,-0.178547947701784,-0.245605262570644,-0.169228322484034,-0.187645933438767,-0.205371380533331,-0.205533739857945,-0.160846751378544,-0.137131897433685,-0.178251551370116,-0.209127893424017,-0.214852422932617,-0.178144881147519,-0.213810824046437,-0.156362075048277,-0.203979225000192,-0.203333017106143,-0.1927586003329,-0.252450799246312,-0.302199227845296,-0.260689787894403,-0.280191386579024,-0.274466474192381,-0.272783882807005,-0.24471626771016,-0.246100803829661,-0.285600818045397,-0.289364030638117,-0.210196924721966,-0.158792211588015,-0.267187303143797,-0.258023323459696,-0.258622273491609,-0.134121829515359,-0.239410007814925,-0.195022294680606,-0.235196151128384,-0.237648527098212,-0.277251304635986,-0.235663636709727,-0.265185065139156,-0.190893398714402,-0.168497454426001,-0.278491532560464,-0.180818152815631,-0.273555604864635,-0.26451288348628,-0.311567120208864,-0.211058072413023,-0.254138546273301,-0.219546351518414,-0.319288080063425,-0.22428230907892,-0.238480985044994,-0.260822751291481,-0.310082307857875,-0.175557248436905,-0.180610184364183,-0.203215229654218,-0.136828511877121,-0.238728577912227,-0.205375007989619,-0.212585410778365,-0.203875584256006,-0.223007744428812,-0.239918429511414,-0.156133874486303,-0.260863809690145,-0.255335041596605,-0.279009388272582,-0.1955122554519,-0.266406065279353,-0.218701789298253,-0.236759117531001,-0.219141159088835,-0.315521069240841,-0.252262690654731,-0.235474279079166,-0.263246233801044,-0.274522840010761,-0.187919255203607,-0.202438986888208,-0.177690142083763,-0.251819932730812,-0.335130113936717,-0.277218812192515,-0.276528603411299,-0.273953996758605,-0.363795795754472,-0.399494736614,-0.381067177513964,-0.294247406090396,-0.2795637358675,-0.316473171795921,-0.211208386108851,-0.150464704229307,-0.275843007177285,-0.260871286952059,-0.312224554745309,-0.225012049361651,-0.37232585574352,-0.23552135617355,-0.254106278578007,-0.281867454403684,-0.288243343648855,-0.206486374468732,-0.283531226684461,-0.302253285266952,-0.200139071621661,-0.30140779222819,-0.372150871646842,-0.266883868792474,-0.37861463908123,-0.279130522253066,-0.304654519822241,-0.324846449838048,-0.212801193044035,-0.392015914356427,-0.268317759743655,-0.360885567877537,-0.302525018508442,-0.477404460891893,-0.349530832629623,-0.369785255703333
"Plasmacytoid dendritic cell",0.380646350626685,0.42662770104295,0.443484004342158,0.410230513293313,0.412044260822929,0.42823654933459,0.438511444492578,0.466753073248651,0.432124847920168,0.451833207871676,0.423632395603595,0.422274197365639,0.412233984162025,0.432075709846222,0.40311885779998,0.430102589782143,0.444621898922403,0.442867365527502,0.43293133578326,0.433404722673786,0.471336282167768,0.424317270307145,0.442966355418613,0.459957919954944,0.428267648884749,0.430300550729163,0.401634189290489,0.43037421068866,0.420863494768168,0.41206855306715,0.422813823235993,0.420626668690061,0.412052509190798,0.431153222870032,0.441549642134533,0.426416397793576,0.427257170863208,0.42461203245852,0.403827744567332,0.414227367617609,0.390976630753192,0.463779119897703,0.396664378968627,0.398461996800716,0.412350341168746,0.414604334850861,0.401838050459251,0.421373115573818,0.443767931281153,0.448437833655581,0.450106637155313,0.419135182100769,0.386309810723644,0.412525366313065,0.404031508172659,0.416206973211062,0.4398533270241,0.436424295445283,0.463305599508693,0.436834066525618,0.417611236006613,0.455600170712827,0.409272693658156,0.404814325610944,0.408117300424736,0.41366187749911,0.420702796718238,0.41669350931181,0.381494990964066,0.379138822348607,0.410566685667277,0.369652972867768,0.356358355672241,0.391280910837945,0.413612328797223,0.394153048173314,0.426225480660269,0.401858795534382,0.397264289090877,0.395224644153617,0.4087604565962,0.42656727174083,0.382273049054049,0.41379129081144,0.379583252181338,0.38499473307613,0.416242158214811,0.425563254695607,0.444464710063158,0.407141231532013,0.384438976073055,0.411766220014979,0.408739352967109,0.466010636732725,0.398999912419534,0.453625237457062,0.417252106755578,0.414472978175178,0.433084128030326,0.383083970392519,0.39987073604626,0.404247052903062,0.392516261765525,0.393931635738734,0.408708328299584,0.382177667116952,0.373496874097294,0.407511602810417,0.374602734152007,0.363411307201776,0.391966329177422,0.387972194594414,0.385800397436065,0.373359114329656,0.398611529531651,0.391879318139054,0.343032104798061,0.397781890563163,0.358994053281329,0.389279682700738,0.397156989270419,0.367684285269948,0.428669030218385,0.354366156843051,0.369945209100483,0.349714395202031,0.348474829344046,0.369360797222468,0.390614210502553,0.353794714790719,0.418957071058197,0.334608792309065,0.409490967342988,0.408106557783382,0.411791881488386,0.371643661875793,0.353198210109793,0.390448520467294,0.336145111468611,0.381174124956914,0.411650936610356
"Regulatory T cell",-0.0309303683026529,0.035300406543767,-0.0899163927235978,-0.0228139422252194,0.00859942442660869,0.0290818840001917,-0.0124476273566019,0.0860631750392403,0.0174929814147162,0.0344244086327481,0.00642248119756079,0.0146383024016647,0.0346984479335501,-0.0598454398966753,0.0324006242018695,-0.0329986285852114,-0.037345260997628,0.0250171857118252,-0.00356591029276511,-0.00368147150214841,-0.026838925754727,-0.0906986891737698,0.0511249720529714,-0.0100452242116471,-0.030949182907536,-0.0167330322465194,-0.0138247337866073,0.0727808801085072,0.0150610585727767,0.0169255734460184,-0.00644801975870738,-0.0173161054859909,-0.00235479391915189,-0.0342580795135351,-0.0400226683456932,0.0225115469112004,0.0454448038971634,0.0157588936908353,0.00858229536433923,0.0595440460471367,0.0268203689792414,0.0212764851875929,0.0761782554484302,-0.0016174655950135,0.117789600317965,-0.00492681986812591,0.0191059814331996,0.0760742169992938,0.0774973619523111,0.111528931405385,0.0449017308024065,0.0419122476006787,0.0547954490171016,0.0545432311322143,0.0357501449524348,0.0925185417487991,0.0275729603384296,0.108283937167381,0.0816367709038933,0.0767541147464844,0.0576748964646357,0.146420618218381,-0.0369495848609587,0.0336295530906094,0.0771882504318126,-0.0100938331334173,0.0382784776602026,0.0385069403496637,0.0317079433485949,0.103400435829135,0.0124339999881109,0.0703899890117146,0.0211393560493368,0.0302804095735695,0.0475716237075052,-0.00345863796434462,-0.0233769453690452,0.0638278559280255,0.0444641737613896,0.00573993591880667,0.0102134680832096,0.0262370722683816,0.0429316466975573,-0.01850129397513,0.017992001901158,0.0476248596859783,0.0446313719887206,0.0454353946617764,0.0422526796963263,0.0311605700550887,0.00148292369346826,-0.00765676388529182,0.0597917917335632,-0.00950228933488759,0.110838353276638,0.0667570463566832,0.00762060553152058,0.0350257495212197,0.0733519232300528,0.000349929325848848,0.0868550098890181,0.0311323765366671,0.0235912692337159,0.0476295465155477,-0.016249324583696,0.100463922379593,0.112115712071798,0.0568562816619012,0.0488941402681267,0.0768816905503379,0.0445200231812107,0.00772427572604998,0.0255938621966568,0.028602851656872,0.0458096187269564,0.0646846950528184,0.118902854694554,0.0561600179612593,0.0603685118468553,0.0214809942890766,-0.0104665155429554,0.0631308955783619,-0.046961967357878,0.0260772823496789,0.0649211025393406,0.0566129041402796,0.164033815229376,0.0362230320270831,0.0373680085265714,0.0197214339912486,0.00444818105547517,-0.0187597318323039,0.0111168140353654,-0.030460332229424,0.0914890576434237,0.0255567337059589,0.0487744969116348,0.0605567751870314,0.0719970623794297,0.0220515537389727,0.118032338045591
"T follicular helper cell",0.0375632525111253,0.0609379073355569,0.0233686694542021,0.0429987090231662,0.055229920422225,0.0450207300087797,0.0228691363813009,0.0774479963504091,0.04397075821183,0.0522148583820178,0.0460145177437903,0.0256391937563091,0.056321182390606,0.0234799159151184,0.057106099494835,0.0599473485067574,0.0670692636005889,0.045392443547804,0.0619414755838319,0.0458190891004094,0.0199175291497681,0.044325253058646,0.0525115931086327,0.0408209709924077,0.0347561676588919,0.0202150524377774,0.040732532785394,0.0805142475930953,0.0289807753914706,0.0450003903393778,0.0100880292683592,0.0473623887077565,0.0677509552128257,0.0373453836377073,0.0404746377715698,0.02999392509826,0.00765652200942167,0.0323921828234734,0.000458583488436468,0.0296980148621952,0.0400475083949294,0.0256573115797585,0.0586045495437701,0.0180268024000878,0.0718216603787923,0.0462561957126284,0.0355072864932239,0.0701498477271871,0.0307589017734393,0.0632875962399784,0.0446811548793627,0.0676720922864026,0.0206089061445941,0.0864068921553641,0.0285648619627369,0.0637847172198757,0.0562422070114324,0.0940821572777495,0.0674939711045546,0.0817107522720521,0.0634736284547301,0.093174005891564,0.0207399934404867,0.0135047785312336,0.0486004795692587,0.0506923693665441,0.0443391781389133,0.0484076273235074,-0.000659033001074275,0.0487341140971908,-0.021435616379499,0.0402166821820164,0.0243279327049872,0.058886329439718,0.0229046553583903,0.0369806192856771,0.0236684387207192,0.0178490638933421,0.0302453049495975,-0.00243854095412963,0.0271405248060695,0.0223026590984618,0.0452404460751862,0.00324642721235362,0.0357305501753998,0.0553397384317685,0.00781964015115257,0.0584271468984591,0.0643785107432055,-0.0181279137743304,0.0386988485194127,0.00185257949335699,0.0256760991826674,0.0468047629136432,0.0784334510777395,0.0567387386438176,0.00956638337940533,0.0142185522835341,0.0581392164149549,0.0242981313729018,0.0684688246125834,0.0228441664295429,0.0270252658666228,0.0325646367696458,0.0184290848015148,0.0463501600145036,0.0595926072859952,0.0191997247914178,0.00901675246791002,0.0243899429960956,0.05230503933876,0.0167183290997294,0.0195531151495423,-0.0156938977469179,0.0654559598007628,0.0578147463289725,0.0441796318653734,0.0188021627976618,0.022341459854634,0.0106162906122406,0.00865386411572885,0.0307479309322405,0.0276478178033018,0.0249348014798461,0.0302794872450832,0.0217187254129108,0.0450481880085497,0.0399719869533707,0.00274656224055938,0.0196352285677542,0.0121440399163327,0.0408481410170985,0.0264142309926743,0.0367503819156855,0.0531415177746794,0.0412444120698515,0.0347124757328105,0.0620985347962198,0.0183575885413684,0.0476067885227142,0.0146621763184776
"Type 1 T helper cell",0.0108258075856632,0.0212309986697299,0.0334445444733603,0.0208359973217675,0.0372860330916677,0.0455242468035805,0.00564287693292518,0.0465022839525767,0.0133732831402616,0.00661075414256897,0.0247937219550293,0.0332209578599685,0.0402373896123999,0.0249176828740007,0.0230772119279558,0.0142356790785456,0.0333371752441051,0.042177038177052,0.0398883705923474,0.0144065674375652,0.0436553660762673,0.0395532265075142,0.0425444243749716,0.0228446036554418,0.0226638372932646,-0.00215821943370817,0.0261238800962957,0.0502727341190054,0.0296491123363115,0.050301768773695,0.0491514173690251,0.0228917205100067,0.0168073377101461,0.0198412667136769,0.068302407652731,0.0286739300505302,0.0146512638755176,0.0440806028061652,0.0109476333869588,0.0279992531028716,0.019655325938168,0.044283122183812,0.0254794558623978,0.044274637826096,0.0425939184570278,0.0529930205678041,0.0600996585634818,0.0542766662926003,0.051521143831655,0.0491373805032461,0.0523148317320319,0.0835156130635166,0.0670108913420513,0.0704850011604809,0.0599997683732691,0.0299613286586798,0.0537213019360821,0.0965680014262668,0.0502100638080663,0.0507675759903099,0.0514773209951962,0.0773213762310381,0.0614736015497533,0.0427564580054674,0.0260676800542149,0.0389203944188292,0.0331968000807969,0.0220913191166456,0.041527106230002,0.033528011802737,0.0179774773365089,0.0321378547208116,0.0300411897378101,0.0167299274810321,0.0562202390661074,0.0419907300691082,0.0221886028991427,0.0255624267738188,0.0422506971880855,0.0244023824963143,0.0489999819227421,0.0554895301656835,0.0421823044925585,0.023366617497738,0.0496883699051356,0.0434067579035218,0.0519837119862249,0.0273197130979625,0.0478916424763872,0.0194816585924731,0.00707894651861132,0.0384965780603369,0.0701739839893757,0.0462599543579975,0.036828985429998,0.0367594308389924,0.0477096360017416,0.0624617918004353,0.0325485041600411,-0.00124015129856184,0.0666428701094883,0.0303287414494795,0.0338621602777684,0.0367866070298662,0.0561447112347215,0.0317288445762207,0.0473641715803739,0.0491198212347661,0.0563336437819211,0.0732543671502125,0.0725993569217426,0.0560357320635899,0.0327436238075674,0.0363714189214099,0.0546871218350729,0.0376074395619026,0.0794846039798198,0.0295917148504269,0.0351327693572595,0.0399610373879023,0.0567809275545481,0.0477327261827158,0.0358946970581869,0.0264176652601692,0.0585277895015471,0.0438320274862487,0.0459954743187211,0.0511636357200506,0.0232217580702837,0.0349031166701938,0.0207354277929859,0.0492011999236838,0.0409438448356192,0.0297887968413466,0.0525820637074951,0.068293161587414,0.024048709115221,0.0277715417214071,0.0364426112809231,0.0692060447810661,0.0340743252009843
"Type 17 T helper cell",-0.131418253694097,-0.142892980524578,-0.159275078730376,-0.131183367554435,-0.107445841882214,-0.164513647740452,-0.145621313547111,-0.0946551476119375,-0.11375106501768,-0.0803126917086455,-0.117086538169523,-0.0889487886575224,-0.11562724377363,-0.180436653374053,-0.165903175978047,-0.184089401387524,-0.140853304332995,-0.113049444421057,-0.0912044942134171,-0.113442800016073,-0.129493065685015,-0.182664488586069,-0.129045991771828,-0.134661098641356,-0.171319986055911,-0.120074677992605,-0.147347155825478,-0.112404191338383,-0.100932442489377,-0.147226865406554,-0.0819904426698362,-0.162867684603104,-0.137070537616833,-0.136527807391253,-0.222362205532595,-0.135064295804156,-0.111961660626388,-0.198692330882489,-0.17324680796927,-0.12944197064568,-0.090457908366338,-0.155238906924279,-0.0542056849359178,-0.14091199296782,-0.0959527037699603,-0.18246679760724,-0.0694029055450324,-0.0882489377764411,-0.0361060011843914,-0.0994324187579324,-0.0856246420490116,-0.135799969740049,-0.0866901313953559,-0.146270326118516,-0.0699913786065408,-0.0739528977197343,-0.160345490232876,-0.0701414835179836,-0.0953829910972462,-0.160918320681839,-0.196242855768488,-0.0501800896728499,-0.0936751968495514,-0.130332321210161,-0.178296017339696,-0.124465417764308,-0.168593002545607,-0.18508148697418,-0.0927882650745736,-0.114453820898414,-0.124733605402843,-0.100583711158676,-0.0843870484745368,-0.119929981163169,-0.101213109780012,-0.211567715737301,-0.082674322117967,-0.127023420931308,-0.208950265110897,-0.0592667586899344,-0.112714801770302,-0.118915170405439,-0.165555012713913,-0.105006061484901,-0.157309354842586,-0.138091333349095,-0.15450938675266,-0.132734326089428,-0.138934212274259,-0.123060703714319,-0.193157262368007,-0.104445557260399,-0.0884738779906869,-0.151715964674146,-0.0874085966731792,-0.157189544062918,-0.115382864816706,-0.0942630754679681,-0.175844644165104,-0.0931129217081584,-0.175341516174967,-0.105518933913595,-0.154123251535525,-0.102391052014221,-0.184083834000565,-0.17820597788056,-0.161955719016047,-0.118618707086662,-0.134317597417391,-0.0560321582694405,-0.110063256831189,-0.105620701273529,-0.12067692076794,-0.125578416142192,-0.123602803349184,-0.112956755572988,-0.123561317353822,-0.0913132581632792,-0.0848961739405523,-0.106900894309957,-0.074210648617659,-0.123656497798169,-0.130305248102973,-0.150004890665316,-0.103776744244033,-0.136076015459742,-0.109778106104413,-0.149193342170616,-0.110690744740886,-0.118706609745117,-0.0703821355785873,-0.215195265666873,-0.141756040074424,-0.136498137035804,-0.14336320498162,-0.0833614183941034,-0.118281165335819,-0.174837667689727,-0.104306732270279,-0.0948246528236881,-0.0636459897773616
"Type 2 T helper cell",-0.00921462425380437,-0.053842310456432,-0.0676032809251657,-0.0419516017328729,-0.00342260349610979,-0.0607557285439295,-0.0484005579071937,-0.0493746548658071,-0.0332128676337871,-0.010618370200938,-0.0485677286503014,-0.0257003397502468,-0.0156846511913603,-0.0708327910368705,-0.0447353209666252,-0.0638325046410617,-0.0485591908579323,-0.0217878739149141,-0.00344278430510615,-0.032644195123365,-0.070477985609281,-0.0637102736884985,-0.0454104632438631,-0.0571791372156311,-0.0651849398034491,-0.0298358692676619,-0.0115951632343404,-0.00284623189503378,-0.00630408820710527,-0.0422450196899763,-0.0577966308352074,-0.00806083013081732,-0.0188518996765019,-0.0474792084146713,-0.0166148486980782,-0.0451306368640459,-0.0208756480820721,-0.021798412636092,-0.0156175547414564,-0.0532207989050644,-0.0689746184594666,0.00406777246356157,-0.026684568023978,-0.0299757959191456,3.36223597931875e-05,-0.00897741175710235,0.0231757375858855,-0.0219924310181995,0.0118170735235611,-0.0210526826858045,-0.00110166169563081,0.0122052142696387,0.0232809165751385,-0.0596399277253629,0.0406576939975525,0.0115716201144352,-0.0251417979223443,-0.0156728520789814,-0.0238919424805751,-0.0351520913840944,-0.0660668029848623,-0.0588973876806154,-0.0031026933324939,-0.0162031188224521,0.0039303587890693,-0.054709976459708,-0.068170196700834,-0.0571520143426804,0.0563112968371001,-0.0204983596938925,0.00930708606523876,-0.0459208241129066,0.0250121911022613,-0.0306999942744615,0.01042155212603,-0.0919812325332938,-0.0964583453859314,-0.0109338071334703,-0.0729100368167405,-0.0177850994293242,-0.0102086176304109,-0.0319367720478002,-0.0120454236360507,0.0330637455871425,-0.0188442636241338,-0.00751471037377511,-0.0527036320691286,-0.00772817615598079,-0.0145496533536816,-0.0843835309926675,0.0181664644485181,-0.002060003275714,-0.0300829461628279,-0.0257310499663286,-0.0138781559692936,-0.0245599501293572,0.00472467090971155,-0.0135215701351165,-0.0150102906159979,-0.0127168453968433,-0.0480555787726036,-0.0204405018578913,-0.00240210773528504,-0.015792522297508,-0.0095457982471358,-0.029892898962412,-0.0249114528727227,-0.00155089676950206,-0.00784712907510776,0.0167679828085005,0.0264322344240249,0.0899731370459667,-0.0213588817465003,-0.0249422198620592,-0.0586614334722985,0.0128296634879767,-0.0122475426066025,0.00517020644580334,0.000372474791192271,-0.0107931725715524,-0.012261746481649,-0.0162955379968991,0.0046098074645423,-0.0351750626111159,-0.0274394473714133,-0.0254771040605958,-0.0400505379341021,0.0154322027419863,-0.00297106055537009,0.0611669330368875,0.0456991590100423,-0.0243912456246209,0.000942786916209937,-0.0405071628850041,-0.021673386181074,0.0206781142789378,-0.0182110382913888,-0.0314417015912363,-0.00934510481251505,0.0322565769438553,-0.0229388892778607
